language,data,candidate,relevance,text,input_type,prompt
fa,0,"['image.2726.jpg', 'image.2734.jpg', 'image.2727.jpg', 'image.2729.jpg', 'image.2733.jpg', 'image.2730.jpg', 'image.2728.jpg', 'image.2731.jpg', 'image.2732.jpg', 'image.2735.jpg']","[0.29778380086571216, 0.2942386072765158, 0.2579595749818617, 0.24525989887096294, 0.23095331836226907, 0.2125029513488602, 0.21113929981077292, 0.19711087212202216, 0.1862443930993941, 0.18244558564355723]",برنج‎,target word,<>
fa,1,"['image.921.jpg', 'image.2743.jpg', 'image.2740.jpg', 'image.2736.jpg', 'image.2739.jpg', 'image.2742.jpg', 'image.2741.jpg', 'image.2744.jpg', 'image.2737.png', 'image.2738.jpg']","[0.24807968902754782, 0.24514865818338902, 0.2408395674649284, 0.23882897857768146, 0.23878547964563915, 0.23709593703113244, 0.2287892224491665, 0.22823727900797128, 0.21868997467762977, 0.21629209678008912]",ملخ,target word,<>
fa,2,"['image.2748.jpg', 'image.2752.jpg', 'image.2747.jpg', 'image.2754.jpg', 'image.2749.jpg', 'image.2750.jpg', 'image.2751.png', 'image.2753.jpg', 'image.2745.jpg', 'image.2746.jpg']","[0.256786860153122, 0.24739024030555454, 0.2330634978961721, 0.22363369755676657, 0.2084642926665498, 0.1886757567004508, 0.18687822517179742, 0.1837121315435975, 0.18187967944825867, 0.17664340586043006]",شام,target word,<>
fa,3,"['image.2757.jpg', 'image.2760.jpg', 'image.2300.jpg', 'image.2756.jpg', 'image.2761.jpg', 'image.2759.jpg', 'image.2755.jpg', 'image.2762.jpg', 'image.2758.jpg', 'image.95.jpg']","[0.22068601287328687, 0.21976990976608018, 0.21434148826328533, 0.21377533171425056, 0.21286964656793825, 0.21249360284732768, 0.20771452688477107, 0.20219938168494114, 0.1971852385095003, 0.19149062959988264]",عدسی,target word,<>
fa,4,"['image.2770.jpg', 'image.2768.jpg', 'image.2772.jpg', 'image.2765.jpg', 'image.2763.jpg', 'image.2764.jpg', 'image.2766.jpg', 'image.2767.jpg', 'image.2771.png', 'image.2769.jpg']","[0.21754196222397357, 0.21433394468495554, 0.20865270424297047, 0.20808032324256445, 0.2046248428607296, 0.20135501173591702, 0.19916651152727274, 0.1941165497899422, 0.19270428514549043, 0.18477115077601106]",توپ,target word,<>
fa,5,"['image.2775.jpg', 'image.2781.jpg', 'image.2780.jpg', 'image.2778.png', 'image.2782.png', 'image.2779.jpg', 'image.2777.jpg', 'image.2773.png', 'image.2774.jpg', 'image.2776.jpg']","[0.24565762474981692, 0.24046882741728173, 0.2403957155371528, 0.23832657188341308, 0.2374222270039129, 0.23711788173813764, 0.2356209970956923, 0.23288440913037256, 0.21914083622233183, 0.21075473978190895]",پیوند,target word,<>
fa,6,"['image.2786.png', 'image.2785.jpg', 'image.2792.jpg', 'image.2788.png', 'image.2791.jpg', 'image.2789.jpg', 'image.2790.png', 'image.2784.jpg', 'image.2783.png', 'image.2787.jpg']","[0.24706462596888054, 0.236556664078582, 0.2275487686409781, 0.22552995721208605, 0.22504938432635077, 0.22468277924084537, 0.22368842395354868, 0.22120300684350228, 0.2196527962593554, 0.20864276976922608]",دسته,target word,<>
fa,7,"['image.2797.png', 'image.2794.jpg', 'image.2800.jpg', 'image.2799.jpg', 'image.2802.jpg', 'image.2798.jpg', 'image.2801.png', 'image.2796.jpg', 'image.2793.jpg', 'image.2795.jpg']","[0.2549442804877229, 0.24569777417333144, 0.22990950751008093, 0.2266859486551222, 0.2256903820540142, 0.22553892279888973, 0.21945659846172066, 0.21925285592539887, 0.21874566791120056, 0.20710600005153354]",چنگ,target word,<>
fa,8,"['image.2805.jpg', 'image.2806.jpg', 'image.2812.jpg', 'image.2811.jpg', 'image.2804.jpg', 'image.2810.jpg', 'image.2803.jpg', 'image.2807.jpg', 'image.2809.jpg', 'image.2808.jpg']","[0.2341972529662014, 0.22855943649447993, 0.22627125568917292, 0.22557158352294118, 0.22409741720243156, 0.21313378799212523, 0.21063675545165714, 0.20308109269119884, 0.20077369776430898, 0.19613561646052075]",سرطان,target word,<>
fa,9,"['image.2813.jpg', 'image.2822.jpg', 'image.2821.jpg', 'image.2817.jpg', 'image.2819.jpg', 'image.2815.jpg', 'image.2814.png', 'image.2816.jpg', 'image.2820.jpg', 'image.2818.jpg']","[0.23513061831796192, 0.23236899494657107, 0.2292838748163448, 0.2245536609098059, 0.2200387867015351, 0.21787962204510763, 0.21544229834823395, 0.21101609546904354, 0.20877843809370394, 0.20420427689104567]",عاج,target word,<>
fa,10,"['image.2831.jpg', 'image.2826.jpg', 'image.2828.jpg', 'image.2830.jpg', 'image.2824.jpg', 'image.2825.png', 'image.2823.jpg', 'image.2827.jpg', 'image.628.jpg', 'image.2829.jpg']","[0.25022615507388307, 0.23558533836510023, 0.23377032362262265, 0.23188316473169235, 0.22906264041820978, 0.22746577592461797, 0.22729504571725714, 0.22567078321293044, 0.22493246473792763, 0.22439839488298988]",گیلاس,target word,<>
fa,11,"['image.2834.jpg', 'image.2839.jpg', 'image.2835.jpg', 'image.2837.jpg', 'image.2833.png', 'image.2838.jpg', 'image.2840.png', 'image.2836.jpg', 'image.2832.jpg', 'image.2841.jpg']","[0.24564073937656958, 0.23771187558223925, 0.23753848443411107, 0.23741230240410616, 0.2342595321620119, 0.230262262176655, 0.21904241744319672, 0.21691197938658702, 0.215482026035149, 0.21494705081115295]",جدول,target word,<>
fa,12,"['image.2847.jpg', 'image.2844.jpg', 'image.2848.jpg', 'image.2842.jpg', 'image.2851.jpg', 'image.2846.jpg', 'image.2849.jpg', 'image.2850.jpg', 'image.2843.jpg', 'image.2845.jpg']","[0.2320998916458139, 0.2316010689049276, 0.2275169547593627, 0.22735861230042032, 0.224226884127926, 0.22308900383339256, 0.22211998239120967, 0.21476950922850016, 0.2128689628299704, 0.2115999950749233]",رکاب,target word,<>
fa,13,"['image.2859.jpg', 'image.2852.jpg', 'image.2853.jpg', 'image.2855.jpg', 'image.2860.jpg', 'image.2857.jpg', 'image.2856.jpg', 'image.2854.png', 'image.2861.jpg', 'image.2858.jpg']","[0.23790984839865104, 0.2351101328578857, 0.22833033035381578, 0.22722180167842512, 0.22461408658226534, 0.2227444397985483, 0.22125603379236278, 0.22078696463749145, 0.2202734064238831, 0.20985758425864542]",کبک,target word,<>
fa,14,"['image.2865.jpg', 'image.2866.png', 'image.2868.png', 'image.2863.png', 'image.2867.jpg', 'image.2862.jpg', 'image.2871.jpg', 'image.2864.jpg', 'image.2869.jpg', 'image.2870.jpg']","[0.2714734380149156, 0.2693193908840999, 0.26149595833431194, 0.26081392767552053, 0.22787187364636252, 0.22218675528184217, 0.22139817860874692, 0.21968560691084013, 0.21842457520095146, 0.20610023026677307]",زبان,target word,<>
fa,15,"['image.2881.png', 'image.2872.jpg', 'image.2878.png', 'image.2874.png', 'image.2879.jpg', 'image.2875.jpg', 'image.2880.jpg', 'image.2876.jpg', 'image.2877.jpg', 'image.2873.jpg']","[0.29377843592683434, 0.2759086414697248, 0.2727884721449739, 0.26293095676444833, 0.22400469976999116, 0.20846601338659274, 0.20614257858512205, 0.20154874625694022, 0.19047511216065632, 0.16991592356374033]",پرچم,target word,<>
fa,16,"['image.2891.jpg', 'image.2887.jpg', 'image.2884.jpg', 'image.2888.jpg', 'image.2886.jpg', 'image.2890.jpg', 'image.2883.jpg', 'image.2889.jpg', 'image.2882.jpg', 'image.2885.jpg']","[0.23681144984698077, 0.23670806757113752, 0.23447663379889305, 0.2249136270175783, 0.22436131510805818, 0.22267540791325116, 0.2220762779021607, 0.21358557195283692, 0.2099651754687276, 0.20542304529722427]",بند,target word,<>
fa,17,"['image.2899.jpg', 'image.2892.jpg', 'image.2896.jpg', 'image.2900.jpg', 'image.2898.jpg', 'image.2893.jpg', 'image.969.jpg', 'image.2895.jpg', 'image.2894.jpg', 'image.2897.jpg']","[0.2586422849167992, 0.25279550298606307, 0.25128320499430307, 0.23835999141404032, 0.235264686045045, 0.22186380936218097, 0.20252025627215894, 0.20034803921853067, 0.19691143390541202, 0.19400588684135475]",سرباز,target word,<>
fa,18,"['image.2904.jpg', 'image.2907.jpg', 'image.2903.jpg', 'image.2910.jpg', 'image.2906.jpg', 'image.2909.jpg', 'image.2902.jpg', 'image.2908.jpg', 'image.2901.jpg', 'image.2905.jpg']","[0.22722215642111507, 0.22540098201376402, 0.2149888065348988, 0.21456071926416603, 0.2114285680806608, 0.2067861148258937, 0.20564278393117444, 0.19502501196230618, 0.19172443613438106, 0.19056655575825346]",عرق,target word,<>
fa,19,"['image.2911.jpg', 'image.2915.jpg', 'image.2914.jpg', 'image.2916.jpg', 'image.2041.jpg', 'image.2912.jpg', 'image.2918.jpg', 'image.2917.jpg', 'image.2919.jpg', 'image.2913.jpg']","[0.27674879288381243, 0.2597416980460413, 0.25456499461649246, 0.25212630129800906, 0.2485692118511729, 0.24100852535693051, 0.2398877241202556, 0.23172284136934365, 0.2175016612657962, 0.20318879566833403]",سبزی,target word,<>
fa,20,"['image.2926.jpg', 'image.2923.jpg', 'image.2927.jpg', 'image.2928.jpg', 'image.2929.jpg', 'image.2925.jpg', 'image.2924.jpg', 'image.2921.jpg', 'image.2922.jpg', 'image.2920.jpg']","[0.23533996035574592, 0.23203869701336913, 0.22634168120891976, 0.22393200506923128, 0.22125713209271605, 0.2208161947265497, 0.21696831816232742, 0.21618066189484494, 0.20962974498664774, 0.20862362500733173]",فرمان,target word,<>
fa,21,"['image.2937.jpg', 'image.2935.jpg', 'image.2938.jpg', 'image.2931.jpg', 'image.2930.jpg', 'image.2934.jpg', 'image.2932.jpg', 'image.2936.jpg', 'image.2939.jpg', 'image.2933.jpg']","[0.30059299329188366, 0.2483840919573824, 0.2349954532251523, 0.23329822490784563, 0.21905777036728896, 0.21556996188377384, 0.2079967441296755, 0.20618861748715178, 0.19664670629263323, 0.17633271267583556]",شیر,target word,<>
fa,22,"['image.2948.jpg', 'image.2945.jpg', 'image.2552.jpg', 'image.2946.jpg', 'image.2943.jpg', 'image.2944.jpg', 'image.2942.jpg', 'image.2940.jpg', 'image.2947.jpg', 'image.2941.jpg']","[0.22427127665356442, 0.2238958692974973, 0.22359125471026756, 0.2202915815215831, 0.2178685869417333, 0.2129766354204135, 0.2123028146037014, 0.20932343016057187, 0.20773010503148204, 0.19655576212213063]",عرق,target word,<>
fa,23,"['image.2955.jpg', 'image.2952.jpg', 'image.2956.jpg', 'image.2949.jpg', 'image.2950.jpg', 'image.2953.jpg', 'image.2957.jpg', 'image.2954.jpg', 'image.2958.jpg', 'image.2951.jpg']","[0.23233791404745516, 0.2259205492809404, 0.2185339857325989, 0.21549479192724455, 0.21419338869808968, 0.21339217946439104, 0.20495001214792458, 0.20450945190243616, 0.19984166011019922, 0.196796076745071]",اختر,target word,<>
fa,24,"['image.2965.png', 'image.2966.jpg', 'image.2962.jpg', 'image.2963.jpg', 'image.251.jpg', 'image.2960.jpg', 'image.2964.jpg', 'image.2959.jpg', 'image.2961.jpg', 'image.2967.jpg']","[0.26178527845673977, 0.24704797372291032, 0.24551653587749317, 0.24227498348373833, 0.23678974479484025, 0.23359208827946887, 0.2263140356051383, 0.22443694231150887, 0.21947866024071935, 0.217915603398411]",پگاسوس,target word,<>
fa,25,"['image.2976.jpg', 'image.2975.jpg', 'image.2968.jpg', 'image.2974.jpg', 'image.2970.jpg', 'image.2973.jpg', 'image.2796.jpg', 'image.2969.jpg', 'image.2972.jpg', 'image.2971.jpg']","[0.22051010011011443, 0.2126030912829758, 0.21245259268427305, 0.2112482365176946, 0.20762515912035526, 0.2069948232168945, 0.20291449195862973, 0.20228982463953576, 0.199558367779137, 0.18293805187007353]",عود,target word,<>
fa,26,"['image.2757.jpg', 'image.2760.jpg', 'image.2300.jpg', 'image.2761.jpg', 'image.2759.jpg', 'image.2755.jpg', 'image.2978.jpg', 'image.2977.jpg', 'image.2758.jpg', 'image.95.jpg']","[0.22068601287328687, 0.21976990976608018, 0.21434148826328533, 0.21286964656793825, 0.21249360284732768, 0.20771452688477107, 0.20493736429008608, 0.20219938168494114, 0.1971852385095003, 0.19149062959988264]",عدسی,target word,<>
fa,27,"['image.1409.jpg', 'image.2981.jpg', 'image.2986.jpg', 'image.1022.jpg', 'image.2980.jpg', 'image.2984.jpg', 'image.2979.jpg', 'image.2982.jpg', 'image.2985.jpg', 'image.2983.jpg']","[0.23471858513366614, 0.23436775628383974, 0.23283704604016367, 0.23260219206685676, 0.23195160561696043, 0.2268386536861501, 0.22578875230288045, 0.22114757340916327, 0.2097144956136779, 0.20684132372542727]",میل,target word,<>
fa,28,"['image.2990.jpg', 'image.2991.jpg', 'image.2996.jpg', 'image.2992.jpg', 'image.2995.jpg', 'image.2989.jpg', 'image.2994.jpg', 'image.2987.jpg', 'image.2988.jpg', 'image.2993.jpg']","[0.2328377322963477, 0.22238501136840333, 0.21837814642644537, 0.2180973323701381, 0.2154864563266271, 0.20719657032679362, 0.20615598330202795, 0.20601462261350847, 0.1966190792672148, 0.17218987982463532]",اسکی,target word,<>
fa,29,"['image.3002.jpg', 'image.623.jpg', 'image.3005.jpg', 'image.3000.jpg', 'image.3003.jpg', 'image.2997.jpg', 'image.3004.jpg', 'image.2999.jpg', 'image.2998.jpg', 'image.3001.jpg']","[0.24054268521159955, 0.23414915473743025, 0.23260989821735237, 0.22643073301737385, 0.2246217358851135, 0.22238879166751022, 0.21438265891570055, 0.20851802840626785, 0.20682705323985434, 0.20274760655134905]",پرک,target word,<>
fa,30,"['image.3015.jpg', 'image.3006.jpg', 'image.3013.jpg', 'image.3009.jpg', 'image.3014.jpg', 'image.3012.jpg', 'image.3008.jpg', 'image.3010.jpg', 'image.3007.jpg', 'image.3011.jpg']","[0.21106094590189647, 0.2106381347158233, 0.21049154841145185, 0.2078551869055109, 0.2052023501202217, 0.2045890503001119, 0.20323818755466064, 0.20090829330530832, 0.20056566868009934, 0.1821658269722842]",مين,target word,<>
fa,31,"['image.3023.jpg', 'image.3018.jpg', 'image.3019.jpg', 'image.2705.jpg', 'image.3021.jpg', 'image.3017.jpg', 'image.3016.jpg', 'image.3022.jpg', 'image.3020.jpg', 'image.3024.jpg']","[0.2423027103622783, 0.2300801844485265, 0.2279533680223597, 0.22742911877922223, 0.2262309847668555, 0.2233957669656929, 0.2210405409032973, 0.22103487614559508, 0.21645789519897934, 0.2078213856694371]",لولو,target word,<>
fa,32,"['image.3031.jpg', 'image.3030.jpg', 'image.3026.jpg', 'image.3028.jpg', 'image.3027.jpg', 'image.352.jpg', 'image.3032.jpg', 'image.3029.jpg', 'image.3033.jpg', 'image.3025.jpg']","[0.22693339736740706, 0.2268020918111877, 0.22648720689018717, 0.22084635531643781, 0.21834878633441349, 0.21823582497736882, 0.21575849448791246, 0.21325297489584866, 0.209642337342529, 0.19778599580687478]",اختناق,target word,<>
fa,33,"['image.3040.jpg', 'image.3038.jpg', 'image.3041.jpg', 'image.975.jpg', 'image.3039.jpg', 'image.3037.jpg', 'image.3034.jpg', 'image.3036.jpg', 'image.3042.jpg', 'image.3035.png']","[0.21202760374906376, 0.2042775658119348, 0.20215178490194807, 0.20161110489328288, 0.2008564679885735, 0.1956262255483246, 0.1892718862482891, 0.18727260536307097, 0.18682347238311892, 0.18644784344286677]",جوش,target word,<>
fa,34,"['image.3049.jpg', 'image.3048.jpg', 'image.3047.jpg', 'image.3044.jpg', 'image.3050.jpg', 'image.3051.jpg', 'image.3046.jpg', 'image.3043.jpg', 'image.3045.jpg', 'image.2971.jpg']","[0.227777822748921, 0.22421688245470614, 0.2199938954003602, 0.2185419583693129, 0.21537988654677123, 0.21346652958223555, 0.21291885545642147, 0.212818886203071, 0.20619120238474284, 0.1930795995524929]",لوت,target word,<>
fa,35,"['image.3061.jpg', 'image.3054.jpg', 'image.3056.jpg', 'image.3060.jpg', 'image.3052.jpg', 'image.3055.jpg', 'image.3057.jpg', 'image.3053.jpg', 'image.3058.jpg', 'image.3059.jpg']","[0.23639616020256887, 0.23137289411704623, 0.22528040733731688, 0.22473665280371619, 0.22149293664437347, 0.2204308136517376, 0.2183209638617825, 0.21109788883242486, 0.21049041949464556, 0.20068021231055944]",ميمون,target word,<>
fa,36,"['image.3065.jpg', 'image.3062.png', 'image.3071.jpg', 'image.3067.jpg', 'image.3069.jpg', 'image.3070.jpg', 'image.3066.jpg', 'image.3064.jpg', 'image.3068.jpg', 'image.3063.jpg']","[0.2523902436765268, 0.24879794247053655, 0.24155318107696436, 0.2385122949940295, 0.23690909147639824, 0.23538050513552156, 0.23319007975379605, 0.2284235357357434, 0.22831243754591032, 0.20873451458916054]",سینا,target word,<>
fa,37,"['image.3072.jpg', 'image.3075.jpg', 'image.3079.jpg', 'image.3076.jpg', 'image.3077.jpg', 'image.3078.jpg', 'image.3073.jpg', 'image.3074.jpg', 'image.3080.jpg', 'image.3081.jpg']","[0.2729423789337839, 0.2674236057321351, 0.2663332680638332, 0.251281729570609, 0.24721255773009626, 0.2408493314342846, 0.22684125018101275, 0.21622491168637809, 0.2128984499640865, 0.21055706006708455]",گل,target word,<>
fa,38,"['image.3090.jpg', 'image.3088.jpg', 'image.3084.png', 'image.3082.png', 'image.3089.jpg', 'image.3083.png', 'image.3085.jpg', 'image.3091.jpg', 'image.3087.jpg', 'image.3086.jpg']","[0.24025599395372724, 0.21969034830002934, 0.21574411478162578, 0.21313357106741398, 0.21022794622750116, 0.20831225366190698, 0.20460047267387182, 0.20439161881627568, 0.2040263112012184, 0.20171190618850585]",توان,target word,<>
fa,39,"['image.3098.jpg', 'image.3099.jpg', 'image.3095.jpg', 'image.3096.jpg', 'image.3093.jpg', 'image.3100.jpg', 'image.3097.jpg', 'image.3092.jpg', 'image.1002.jpg', 'image.3094.jpg']","[0.2149550931874476, 0.2089717262820702, 0.20702020691504486, 0.20536927779931, 0.2033575164486237, 0.202422301469327, 0.1992798802089156, 0.1976734235615423, 0.19691721657189792, 0.18490861070369116]",لنت,target word,<>
fa,40,"['image.997.jpg', 'image.3102.jpg', 'image.21.jpg', 'image.3105.jpg', 'image.3106.jpg', 'image.1550.jpg', 'image.3104.jpg', 'image.3101.jpg', 'image.3103.jpg', 'image.3107.jpg']","[0.3012697980412457, 0.26134325552427934, 0.2597778392149034, 0.2583453548153914, 0.25613963277241175, 0.24533047956240647, 0.22843643592011859, 0.2057955076943597, 0.20367531642040268, 0.20050113448674087]",کلید,target word,<>
fa,41,"['image.2865.jpg', 'image.2866.png', 'image.2868.png', 'image.3109.png', 'image.2867.jpg', 'image.2862.jpg', 'image.3108.jpg', 'image.2864.jpg', 'image.2869.jpg', 'image.2870.jpg']","[0.27147344599423096, 0.2693193927467815, 0.26149596033758843, 0.2608139234806148, 0.2278718789161299, 0.22218676393842215, 0.22139817658046673, 0.21968560621770536, 0.2184245800263213, 0.20610023112437453]",زبان,target word,<>
fa,42,"['image.3114.png', 'image.3115.jpg', 'image.2975.jpg', 'image.3113.jpg', 'image.3111.jpg', 'image.3110.jpg', 'image.3116.jpg', 'image.3117.jpg', 'image.3118.jpg', 'image.3112.jpg']","[0.23959483599176148, 0.23221889371103754, 0.23121399705668688, 0.2293544147764221, 0.2208478329707276, 0.21767531096097212, 0.21760419228304026, 0.21723675219658994, 0.20671118710313044, 0.18932248830442616]",تار,target word,<>
fa,43,"['image.3123.jpg', 'image.3122.jpg', 'image.3124.jpg', 'image.1498.jpg', 'image.1795.jpg', 'image.3126.jpg', 'image.3121.jpg', 'image.3119.jpg', 'image.3120.jpg', 'image.3125.jpg']","[0.24142926586369495, 0.23540826068359683, 0.22973982078391886, 0.2262880983883016, 0.21837533874436305, 0.2152729127127459, 0.21254470483491214, 0.2095917932708917, 0.20891848989774037, 0.2026686590366522]",کارتن,target word,<>
fa,44,"['image.3134.jpg', 'image.3133.jpg', 'image.3135.jpg', 'image.3136.jpg', 'image.3127.jpg', 'image.3132.jpg', 'image.3129.jpg', 'image.3130.jpg', 'image.3128.jpg', 'image.3131.jpg']","[0.29473136210025674, 0.2880180445877637, 0.28606330091644566, 0.2837596469768488, 0.283286453673918, 0.23734575353358814, 0.21994141721299143, 0.21237501410011558, 0.18013253883321223, 0.17862933105721682]",سیب,target word,<>
fa,45,"['image.2831.jpg', 'image.2935.jpg', 'image.2826.jpg', 'image.3139.jpg', 'image.3138.jpg', 'image.2830.jpg', 'image.3137.jpg', 'image.2823.jpg', 'image.628.jpg', 'image.2829.jpg']","[0.25022615507388307, 0.24455266909996756, 0.23558533836510023, 0.23366209402785046, 0.2330667865835123, 0.23188316473169235, 0.23098583623356336, 0.22729504571725714, 0.22493246473792763, 0.22439839488298988]",گیلاس,target word,<>
fa,46,"['image.3148.png', 'image.3141.jpg', 'image.3143.jpg', 'image.3140.jpg', 'image.3145.jpg', 'image.3147.jpg', 'image.3146.jpg', 'image.3142.jpg', 'image.3144.jpg', 'image.761.jpg']","[0.27289828557983226, 0.2661538271746584, 0.23890433000427141, 0.23870656253057568, 0.23366256560305698, 0.2322281529824441, 0.2197013644484797, 0.21776945638496117, 0.2116937573827472, 0.19994110632521248]",کره,target word,<>
fa,47,"['image.3149.jpg', 'image.2154.jpg', 'image.3153.jpg', 'image.3151.jpg', 'image.352.jpg', 'image.3150.jpg', 'image.3154.jpg', 'image.3155.jpg', 'image.3156.jpg', 'image.3152.jpg']","[0.21547247567643785, 0.20147182416222617, 0.20127184951221222, 0.20040806860782695, 0.20039736334635533, 0.1846133060370231, 0.1827374507884456, 0.18190871272288758, 0.17222825853164553, 0.17182424179591513]",باد,target word,<>
fa,48,"['image.3161.jpg', 'image.3160.jpg', 'image.3163.jpg', 'image.3166.jpg', 'image.3164.jpg', 'image.3162.jpg', 'image.3158.jpg', 'image.3165.jpg', 'image.3157.jpg', 'image.3159.jpg']","[0.2359246292151192, 0.23345458325099278, 0.232768387211332, 0.22968622925209545, 0.2260455677649324, 0.2237069951122355, 0.2225073540660785, 0.21496681225412684, 0.2143839984312076, 0.2131227439072746]",اسفنج,target word,<>
fa,49,"['image.3172.jpg', 'image.2819.jpg', 'image.3170.jpg', 'image.77.jpg', 'image.3167.jpg', 'image.3173.jpg', 'image.3169.jpg', 'image.3168.jpg', 'image.3174.jpg', 'image.3171.jpg']","[0.29758006894912137, 0.28975970825192565, 0.24576993925489957, 0.22939516876124325, 0.2194972291992611, 0.2194319629345606, 0.2090189437402283, 0.2088024925788058, 0.20331597186788458, 0.19476224965808822]",فیل,target word,<>
fa,50,"['image.3178.jpg', 'image.3177.jpg', 'image.3175.jpg', 'image.3176.jpg', 'image.1822.jpg', 'image.907.jpg', 'image.3181.jpg', 'image.3179.jpg', 'image.742.jpg', 'image.3180.jpg']","[0.2661538321229903, 0.24922094606599343, 0.24109522318267831, 0.23222815730090504, 0.21652963417586654, 0.2145472884127013, 0.20532064747291812, 0.19372257241972168, 0.19262340943745518, 0.19022112324795212]",کره,target word,<>
fa,51,"['image.3187.jpg', 'image.3185.jpg', 'image.3186.jpg', 'image.3182.jpg', 'image.1742.jpg', 'image.3183.jpg', 'image.3190.jpg', 'image.3189.jpg', 'image.3184.jpg', 'image.3188.jpg']","[0.24019345450731633, 0.2367094404336516, 0.23191003316312317, 0.2273910841640337, 0.2224948325003393, 0.21980304735098222, 0.2193942307813422, 0.2183488265325758, 0.21490423652720556, 0.2070550553403326]",پولک,target word,<>
fa,52,"['image.3196.jpg', 'image.3192.jpg', 'image.3197.jpg', 'image.3199.jpg', 'image.3195.jpg', 'image.3200.jpg', 'image.3191.jpg', 'image.3193.jpg', 'image.3198.jpg', 'image.3194.jpg']","[0.31265634901543965, 0.297006558179695, 0.2529320796702691, 0.24787878145362477, 0.23654774101173917, 0.2237936090592893, 0.22339398792586562, 0.21938586833803164, 0.21711425535307569, 0.20025298210528825]",افغانی,target word,<>
fa,53,"['image.3207.jpg', 'image.3205.jpg', 'image.3201.jpg', 'image.3208.jpg', 'image.3202.jpg', 'image.3210.jpg', 'image.3209.jpg', 'image.3203.jpg', 'image.3204.jpg', 'image.3206.jpg']","[0.26688404099895363, 0.23961157932737046, 0.2353933184952842, 0.2335318586299093, 0.23223467833633718, 0.23037573970679134, 0.22598484038631114, 0.21864782751263737, 0.21711313052427875, 0.20360322781703996]",مريم,target word,<>
fa,54,"['image.3212.png', 'image.3220.png', 'image.3214.png', 'image.3217.jpg', 'image.3218.png', 'image.3211.jpg', 'image.3216.jpg', 'image.3219.jpg', 'image.3213.png', 'image.3215.jpg']","[0.26174916239707047, 0.26108396092982306, 0.2574807764564704, 0.24567143785000234, 0.24236499701106987, 0.2413625061711129, 0.24119969547367123, 0.2324957603320153, 0.23090010816332007, 0.22574098158869144]",ارتفاع,target word,<>
fa,55,"['image.2945.jpg', 'image.2552.jpg', 'image.2946.jpg', 'image.2943.jpg', 'image.2944.jpg', 'image.2942.jpg', 'image.3222.jpg', 'image.2940.jpg', 'image.3221.jpg', 'image.2941.jpg']","[0.2238958692974973, 0.22359125471026756, 0.2202915815215831, 0.2178685869417333, 0.2129766354204135, 0.2123028146037014, 0.21227020436829594, 0.20932343016057187, 0.20726912052280042, 0.19655576212213063]",عرق,target word,<>
fa,56,"['image.3227.jpg', 'image.3225.jpg', 'image.3228.jpg', 'image.451.jpg', 'image.3231.jpg', 'image.3230.jpg', 'image.3229.jpg', 'image.3223.jpg', 'image.3226.jpg', 'image.3224.jpg']","[0.22796877829556675, 0.2193558954199148, 0.21143331341509744, 0.2112155280257996, 0.21067995842485834, 0.2098938422354681, 0.20357597309902614, 0.19938158424894883, 0.19747577815822753, 0.1946253850055396]",کرم,target word,<>
fa,57,"['image.3236.jpg', 'image.3234.jpg', 'image.3240.jpg', 'image.738.jpg', 'image.3239.jpg', 'image.3233.jpg', 'image.3238.jpg', 'image.3237.jpg', 'image.3235.jpg', 'image.3232.jpg']","[0.22848342213668651, 0.2252065584333753, 0.22141483892370198, 0.21852584365835567, 0.21495672652094397, 0.20825394842243938, 0.2039939592458899, 0.20045404528934874, 0.1999368098966617, 0.19243696711019936]",موس,target word,<>
fa,58,"['image.3242.jpg', 'image.1308.jpg', 'image.3241.jpg', 'image.3247.jpg', 'image.3245.jpg', 'image.3243.jpg', 'image.3249.jpg', 'image.3248.png', 'image.3244.jpg', 'image.3246.jpg']","[0.23005535308225286, 0.21349282088723986, 0.20930392954521965, 0.20848683903229656, 0.2066886435783842, 0.20277507176681275, 0.19742150401918374, 0.19596465726698475, 0.19311288669682905, 0.17241893789629223]",شکست,target word,<>
fa,59,"['image.3255.jpg', 'image.3256.jpg', 'image.3259.jpg', 'image.3251.jpg', 'image.3250.jpg', 'image.3258.jpg', 'image.3257.jpg', 'image.3254.jpg', 'image.3252.jpg', 'image.3253.jpg']","[0.2258550308699468, 0.22498460431925552, 0.22493571555036757, 0.22446689192830535, 0.2235653539556332, 0.22231317042449508, 0.21703200819803337, 0.21360519520063254, 0.2044443038939403, 0.20384604067658887]",ملک,target word,<>
fa,60,"['image.3262.png', 'image.3267.jpg', 'image.3264.jpg', 'image.3263.png', 'image.3140.jpg', 'image.3266.png', 'image.3147.jpg', 'image.3265.png', 'image.3260.jpg', 'image.3261.jpg']","[0.31736042041800944, 0.2745224053810652, 0.2664645021142904, 0.25271184284506626, 0.23870656253057568, 0.23836006880949506, 0.2322281529824441, 0.22354798285162533, 0.22240828788066633, 0.2197013644484797]",کره,target word,<>
fa,61,"['image.3273.jpg', 'image.3268.jpg', 'image.3275.jpg', 'image.3270.jpg', 'image.2837.jpg', 'image.2897.jpg', 'image.3274.jpg', 'image.3272.jpg', 'image.3269.jpg', 'image.3271.jpg']","[0.23863333588313868, 0.22503828815004534, 0.2236522585449957, 0.21829588979913914, 0.21590348268693885, 0.21074029215299334, 0.21072311377443995, 0.2044812038150468, 0.1999942091958086, 0.19681973021318724]",کیش,target word,<>
fa,62,"['image.3281.jpg', 'image.3279.jpg', 'image.3276.jpg', 'image.3277.jpg', 'image.3283.jpg', 'image.2681.jpg', 'image.3278.jpg', 'image.3282.jpg', 'image.533.jpg', 'image.3280.jpg']","[0.23506410707067446, 0.2160699007855147, 0.2109156898840703, 0.20304607320105747, 0.19369462199156734, 0.1927312690226879, 0.18631567092689919, 0.18068177281540976, 0.17835799445829723, 0.17731572398271964]",جرم,target word,<>
fa,63,"['image.3284.jpg', 'image.3285.jpg', 'image.3172.jpg', 'image.3240.jpg', 'image.3288.jpg', 'image.3290.jpg', 'image.3287.jpg', 'image.3291.jpg', 'image.3286.jpg', 'image.3289.jpg']","[0.2429293166212921, 0.2252065584333753, 0.22220893059490596, 0.22141483892370198, 0.21725780414286627, 0.2102309969255478, 0.21020516086576652, 0.20992365071159552, 0.20825394842243938, 0.20400454118525027]",موس,target word,<>
fa,64,"['image.3292.jpg', 'image.3295.jpg', 'image.3301.jpg', 'image.3297.jpg', 'image.3296.jpg', 'image.3293.jpg', 'image.3298.jpg', 'image.3299.jpg', 'image.3300.jpg', 'image.3294.jpg']","[0.25132817529532064, 0.24238038949053486, 0.23954724630124724, 0.23114638014800962, 0.2301112455755732, 0.23003821915263514, 0.22603883840262246, 0.22376268810274375, 0.20468139123950022, 0.1958177014341254]",آکسفورد,target word,<>
fa,65,"['image.3307.jpg', 'image.3302.jpg', 'image.3308.jpg', 'image.3311.jpg', 'image.3304.jpg', 'image.3306.jpg', 'image.3305.jpg', 'image.3309.jpg', 'image.3303.jpg', 'image.3310.jpg']","[0.23125077947394676, 0.2233362558501561, 0.22110052784566678, 0.21792490712344392, 0.21513027830851086, 0.21281439966568622, 0.20565466910245203, 0.20212851932865694, 0.2009504044185354, 0.1975793782697107]",كبك,target word,<>
fa,66,"['image.3315.jpg', 'image.3318.jpg', 'image.3313.jpg', 'image.3314.jpg', 'image.3317.jpg', 'image.2149.jpg', 'image.2930.jpg', 'image.3312.jpg', 'image.3316.jpg', 'image.3319.jpg']","[0.2830197305080246, 0.26211924117299834, 0.24341653651561393, 0.2424287224962798, 0.23366355382358447, 0.232690776801918, 0.23213730509024952, 0.23045173355653412, 0.22645476709717963, 0.22560764610332348]",گوشت,target word,<>
fa,67,"['image.3328.jpg', 'image.3324.jpg', 'image.3322.jpg', 'image.3326.jpg', 'image.3321.jpg', 'image.3325.jpg', 'image.3323.jpg', 'image.2731.jpg', 'image.3320.jpg', 'image.3327.jpg']","[0.32653775152447573, 0.29811528094951123, 0.2966991776866308, 0.27686499354025235, 0.23887315254094266, 0.23453716588547022, 0.20848125066096737, 0.19711087212202216, 0.18349892360161368, 0.16853882486511834]",برنج‎,target word,<>
fa,68,"['image.3334.png', 'image.3330.jpg', 'image.3329.jpg', 'image.3331.jpg', 'image.3333.jpg', 'image.2835.jpg', 'image.3332.jpg', 'image.2836.jpg', 'image.2832.jpg', 'image.2841.jpg']","[0.2644529151764711, 0.26088320201423976, 0.25806753102012614, 0.25602506462402863, 0.23771187558223925, 0.23753848443411107, 0.23131524271033485, 0.21691197938658702, 0.215482026035149, 0.21494705081115295]",جدول,target word,<>
fa,69,"['image.3341.jpg', 'image.3339.jpg', 'image.2225.jpg', 'image.3340.jpg', 'image.3336.jpg', 'image.3338.jpg', 'image.3335.jpg', 'image.3337.jpg', 'image.3342.jpg', 'image.3343.jpg']","[0.2276759886270054, 0.2269344097680157, 0.21499960483334465, 0.21385319834767186, 0.21213487778568865, 0.21204875428526512, 0.20816311790534492, 0.2061883438052335, 0.1925929630327214, 0.19111708724751936]",تور,target word,<>
fa,70,"['image.3344.jpg', 'image.3345.jpg', 'image.1854.jpg', 'image.3347.jpg', 'image.3349.jpg', 'image.3350.jpg', 'image.1431.jpg', 'image.3351.jpg', 'image.3348.jpg', 'image.3346.jpg']","[0.28375978852135675, 0.2552029481766973, 0.22607832159920313, 0.2122397690333595, 0.21022501177978886, 0.21011716187322066, 0.20764210654248016, 0.19922960368285209, 0.1976295496603371, 0.19421846487488018]",پاپ,target word,<>
fa,71,"['image.3355.jpg', 'image.3352.jpg', 'image.3360.jpg', 'image.2236.jpg', 'image.3357.jpg', 'image.3356.jpg', 'image.3359.jpg', 'image.3353.jpg', 'image.3358.jpg', 'image.3354.jpg']","[0.23242587409242543, 0.23086412214235458, 0.22238543292266377, 0.22238022002637262, 0.21198538469679445, 0.20916515281148818, 0.20653290192813567, 0.20499312902605657, 0.19805786945114892, 0.19565529856402553]",ضرب,target word,<>
fa,72,"['image.3362.jpg', 'image.3369.jpg', 'image.3368.jpg', 'image.3370.jpg', 'image.3367.jpg', 'image.3364.jpg', 'image.3366.jpg', 'image.3361.jpg', 'image.3363.jpg', 'image.3365.jpg']","[0.24140579573518892, 0.23328330892397392, 0.22765496297220436, 0.21665721983296193, 0.21343138523828872, 0.2111771054619294, 0.20220351507881984, 0.18699390465524363, 0.1832037142885946, 0.18046880301938137]",انقلاب,target word,<>
fa,73,"['image.3378.jpg', 'image.3379.jpg', 'image.3375.jpg', 'image.3372.jpg', 'image.3380.png', 'image.3373.jpg', 'image.3371.jpg', 'image.3377.png', 'image.3374.jpg', 'image.3376.jpg']","[0.23963044018896223, 0.23791219228583538, 0.2352802135071363, 0.2332567973843171, 0.21869108573461168, 0.2180889401357735, 0.21571590975386554, 0.21391742166606215, 0.21313316100191326, 0.19569326534364814]",شكارچي,target word,<>
fa,74,"['image.3390.jpg', 'image.3383.png', 'image.3388.png', 'image.3382.jpg', 'image.3385.jpg', 'image.3386.jpg', 'image.3387.png', 'image.3381.jpg', 'image.3384.png', 'image.3389.jpg']","[0.22722376273357592, 0.22644571420383353, 0.22027171829534156, 0.2186632738447207, 0.21838546616334298, 0.21364450141933447, 0.21288610359864044, 0.21146095464570025, 0.20856919353209363, 0.18793638782855127]",دیافراگم,target word,<>
fa,75,"['image.3396.jpg', 'image.3399.jpg', 'image.3395.jpg', 'image.3391.png', 'image.3397.jpg', 'image.3394.jpg', 'image.3398.jpg', 'image.3393.jpg', 'image.3400.jpg', 'image.3392.jpg']","[0.2553954034722122, 0.25268869417663326, 0.23842073718262988, 0.22254864236019112, 0.21898824177806644, 0.21297201306244154, 0.20440540362139684, 0.19803406485178587, 0.19664745602092165, 0.18563269734964935]",کشتی,target word,<>
fa,76,"['image.3406.jpg', 'image.3409.jpg', 'image.3410.jpg', 'image.3401.jpg', 'image.3403.jpg', 'image.3404.jpg', 'image.3408.jpg', 'image.3405.jpg', 'image.3402.jpg', 'image.3407.jpg']","[0.22851214313642032, 0.22744517003232528, 0.2263328946148745, 0.22348668258116355, 0.22248334549321727, 0.2155021575512341, 0.21358383072358728, 0.21302655921125363, 0.20570610077754845, 0.190131734379168]",جفت,target word,<>
fa,77,"['image.3413.jpg', 'image.3415.jpg', 'image.3419.jpg', 'image.3417.jpg', 'image.3416.jpg', 'image.3418.jpg', 'image.3414.jpg', 'image.3411.jpg', 'image.3420.jpg', 'image.3412.jpg']","[0.26607457963446857, 0.26031684678659966, 0.24645476632403018, 0.23176369665445878, 0.22620660190911845, 0.22409324209784753, 0.2169018067932934, 0.20297237838311255, 0.19313237443981648, 0.18880558578321158]",مریم,target word,<>
fa,78,"['image.3422.png', 'image.3425.png', 'image.3423.png', 'image.3427.png', 'image.3421.jpg', 'image.3430.jpg', 'image.3429.jpg', 'image.3426.jpg', 'image.3424.jpg', 'image.3428.jpg']","[0.2535951708115315, 0.25312979848425055, 0.24726674297668524, 0.23050524880852064, 0.22415967384184068, 0.21960643953917344, 0.21841274298821275, 0.21186953088628513, 0.19986647382988457, 0.18978003152915762]",ده,target word,<>
fa,79,"['image.3379.jpg', 'image.3435.jpg', 'image.3433.jpg', 'image.3437.jpg', 'image.3339.jpg', 'image.3438.jpg', 'image.3432.jpg', 'image.3434.jpg', 'image.3436.jpg', 'image.3431.jpg']","[0.22553325086962325, 0.22320352251378642, 0.21829025915139258, 0.21488592054005365, 0.21222007960835895, 0.21002054812469118, 0.20701550184130416, 0.2069858686910101, 0.20197231704047133, 0.2014140922521674]",دام,target word,<>
fa,80,"['image.3447.jpg', 'image.3442.png', 'image.3444.jpg', 'image.3441.png', 'image.3448.jpg', 'image.3440.jpg', 'image.3443.jpg', 'image.3445.png', 'image.3446.jpg', 'image.3439.jpg']","[0.2283937610424501, 0.21360335622459944, 0.20965920040440358, 0.2082404552361485, 0.2020661521886424, 0.19928368692373633, 0.19828928141494812, 0.19149289487258705, 0.1898948303681369, 0.18703064673346242]",مالت,target word,<>
fa,81,"['image.720.jpg', 'image.3450.jpg', 'image.3449.jpg', 'image.3451.jpg', 'image.3454.jpg', 'image.3453.jpg', 'image.3455.jpg', 'image.3456.jpg', 'image.3457.jpg', 'image.3452.jpg']","[0.217836554268902, 0.2150159899619942, 0.21228153641187103, 0.21094969789516382, 0.21050293962540875, 0.20449644925856866, 0.20035837961840539, 0.19948169004476707, 0.1986020904790306, 0.19768505946472362]",بید,target word,<>
fa,82,"['image.3462.jpg', 'image.2851.jpg', 'image.1847.jpg', 'image.3461.jpg', 'image.3464.jpg', 'image.3463.jpg', 'image.3174.jpg', 'image.3458.jpg', 'image.3460.jpg', 'image.3459.jpg']","[0.28265647803937466, 0.27199882749625615, 0.27103381228662166, 0.25163643855820783, 0.23151483472615225, 0.2238155508713316, 0.21031703723630224, 0.2084040562486195, 0.2032410954135561, 0.19384896864875095]",اسب,target word,<>
fa,83,"['image.3466.png', 'image.3470.jpg', 'image.3474.jpg', 'image.3472.jpg', 'image.3469.jpg', 'image.3465.jpg', 'image.3473.png', 'image.3467.png', 'image.3471.png', 'image.3468.jpg']","[0.3526782782785527, 0.31799092378612137, 0.31452800381249546, 0.2974008005237646, 0.2941709738949867, 0.29031810884019577, 0.28182848748564054, 0.27247367841832515, 0.27247367841832515, 0.26768753354859176]",قطر,target word,<>
fa,84,"['image.3475.jpg', 'image.3476.jpg', 'image.9.jpg', 'image.3477.png', 'image.3480.jpg', 'image.3381.jpg', 'image.3479.jpg', 'image.3478.jpg', 'image.3481.jpg', 'image.3103.jpg']","[0.23094743004203347, 0.2262852778599156, 0.22179484873691038, 0.22027171829534156, 0.21786826954394892, 0.21146095464570025, 0.2082680361457748, 0.20713904567116947, 0.2054784300898827, 0.18564763340845947]",دیافراگم,target word,<>
fa,85,"['image.3486.jpg', 'image.3488.jpg', 'image.3489.jpg', 'image.3482.jpg', 'image.3484.jpg', 'image.3485.jpg', 'image.3490.jpg', 'image.2309.jpg', 'image.3483.jpg', 'image.3487.jpg']","[0.2510178346072672, 0.24392923027652533, 0.23215335273647617, 0.22933935170789685, 0.2271140437201254, 0.2215548708844348, 0.22035917072200278, 0.217872397316465, 0.214072800552202, 0.20270916006941544]",كيوي,target word,<>
fa,86,"['image.3500.jpg', 'image.3498.png', 'image.3494.jpg', 'image.3493.png', 'image.3497.jpg', 'image.3499.jpg', 'image.3495.jpg', 'image.3491.jpg', 'image.3492.jpg', 'image.3496.jpg']","[0.26246644474939174, 0.26199658247517527, 0.23904992630796537, 0.23323840665043405, 0.22133016869986769, 0.21521376330726227, 0.2118111897256171, 0.20226381788331224, 0.1962863335553604, 0.19339344040902756]",زبان,target word,<>
fa,87,"['image.3504.png', 'image.3506.jpg', 'image.3476.jpg', 'image.3505.png', 'image.3502.jpg', 'image.3508.jpg', 'image.3503.jpg', 'image.3501.jpg', 'image.3509.jpg', 'image.3507.jpg']","[0.26011901766328815, 0.2427987324620933, 0.2416859870114966, 0.23821840000256814, 0.23582996531400138, 0.23143175225760698, 0.22302572224526118, 0.21923845086935348, 0.21902690390806479, 0.2168693718153274]",مهر,target word,<>
fa,88,"['image.3517.png', 'image.3515.jpg', 'image.3518.png', 'image.2953.jpg', 'image.3513.jpg', 'image.3514.jpg', 'image.3510.jpg', 'image.3512.jpg', 'image.3511.jpg', 'image.3516.jpg']","[0.23015575026316418, 0.2249937172499632, 0.22177580434144178, 0.22046950137456856, 0.21769106018584553, 0.2158632257212076, 0.21567103040265034, 0.21248944418683782, 0.21032650007192766, 0.20372269617817035]",تير,target word,<>
fa,89,"['image.3524.png', 'image.3526.png', 'image.3519.jpg', 'image.3522.jpg', 'image.3527.jpg', 'image.3523.jpg', 'image.3525.jpg', 'image.3521.jpg', 'image.3520.jpg', 'image.3528.jpg']","[0.237976285709813, 0.23196432936655834, 0.2271010401372227, 0.22349643886666118, 0.22287911411180522, 0.2225802370191455, 0.22117217850151497, 0.22097244227716908, 0.20825145085986888, 0.2056362536177178]",منشور,target word,<>
fa,90,"['image.3537.jpg', 'image.3538.jpg', 'image.3531.jpg', 'image.3529.jpg', 'image.3532.jpg', 'image.3533.jpg', 'image.3534.jpg', 'image.3535.jpg', 'image.3530.jpg', 'image.3536.jpg']","[0.23253065244749863, 0.23242779248668413, 0.2317467247344897, 0.22370699799040508, 0.2215314997396239, 0.21970289463447024, 0.2183561718755204, 0.21515127489883604, 0.21438400238561225, 0.20135942620221928]",اسفنج,target word,<>
fa,91,"['image.3543.jpg', 'image.3544.jpg', 'image.3540.jpg', 'image.3546.jpg', 'image.3548.jpg', 'image.3547.jpg', 'image.3545.jpg', 'image.3542.jpg', 'image.3539.jpg', 'image.3541.jpg']","[0.2504000169627086, 0.24720432445892182, 0.2401987440449111, 0.23199654679535575, 0.2268158455683929, 0.22608515924211128, 0.22578239952821988, 0.22235804212426827, 0.21877971324764242, 0.21590989535440433]",کنگره,target word,<>
fa,92,"['image.3552.jpg', 'image.3555.jpg', 'image.3080.jpg', 'image.3549.jpg', 'image.3550.jpg', 'image.3551.jpg', 'image.3554.jpg', 'image.3556.jpg', 'image.3557.jpg', 'image.3553.jpg']","[0.27486641352387453, 0.24390086960043905, 0.24062165086544862, 0.23192026944145336, 0.2318420640874557, 0.23038699950330194, 0.22955785236919163, 0.22789241923558481, 0.22725622364476067, 0.2240597503213231]",زمین,target word,<>
fa,93,"['image.3558.jpg', 'image.2887.jpg', 'image.235.jpg', 'image.3561.jpg', 'image.3563.jpg', 'image.2889.jpg', 'image.3559.jpg', 'image.3560.jpg', 'image.3562.jpg', 'image.3564.jpg']","[0.24216388123808535, 0.23670806757113752, 0.23447663379889305, 0.2253812713901031, 0.21482673590263643, 0.21358557195283692, 0.21352544338899515, 0.2099651754687276, 0.20871774026914441, 0.19115917912018804]",بند,target word,<>
fa,94,"['image.3571.jpg', 'image.3565.jpg', 'image.3566.png', 'image.3463.jpg', 'image.3568.jpg', 'image.3567.jpg', 'image.3173.jpg', 'image.3570.jpg', 'image.3123.jpg', 'image.3569.jpg']","[0.26334437171722247, 0.2552074495242527, 0.24991275256706288, 0.24430042185885092, 0.24322817772349126, 0.2384925471822318, 0.2311946735342706, 0.20439026202663788, 0.19334614360030616, 0.18346824203290332]",شاه,target word,<>
fa,95,"['image.3573.jpg', 'image.3575.jpg', 'image.3463.jpg', 'image.3574.jpg', 'image.3572.jpg', 'image.3171.jpg', 'image.3167.jpg', 'image.3576.png', 'image.3168.jpg', 'image.3577.jpg']","[0.23426528613829056, 0.2232516323675822, 0.22159956328969482, 0.21712030187540984, 0.21478473132526896, 0.2143694220047659, 0.21284707756243823, 0.21178636261042152, 0.2065848630663835, 0.18971142620774215]",مهره,target word,<>
fa,96,"['image.3586.jpg', 'image.3578.jpg', 'image.3584.jpg', 'image.3581.jpg', 'image.1786.jpg', 'image.3585.jpg', 'image.3579.png', 'image.3582.jpg', 'image.3580.png', 'image.3583.jpg']","[0.2339149147220082, 0.23074291319616128, 0.22761126116177438, 0.22640633620698178, 0.21885200396950247, 0.2007782176210426, 0.19959974432374405, 0.1968120761436241, 0.18362786693161268, 0.18357701650441777]",دوش,target word,<>
fa,97,"['image.3588.jpg', 'image.3587.jpg', 'image.3589.jpg', 'image.3592.jpg', 'image.2987.jpg', 'image.2994.jpg', 'image.2988.jpg', 'image.3590.png', 'image.3591.jpg', 'image.2993.jpg']","[0.2313666964708361, 0.2165499949971994, 0.21381922812416068, 0.2119127036362177, 0.20522122264225579, 0.20503072730933136, 0.20086066376333203, 0.2005683260025266, 0.19959378802139874, 0.1761089654122919]",اسكی,target word,<>
fa,98,"['image.3599.png', 'image.3593.jpg', 'image.3595.jpg', 'image.2538.jpg', 'image.2585.jpg', 'image.3597.png', 'image.3596.jpg', 'image.3594.jpg', 'image.3600.jpg', 'image.3598.jpg']","[0.24762058132917547, 0.24056468980227158, 0.2352709916220922, 0.22916983641762068, 0.2271570764333832, 0.2244326390376522, 0.21628395909301323, 0.21581198679085936, 0.21577984487723734, 0.2055214319624402]",کپسول,target word,<>
fa,99,"['image.3571.jpg', 'image.3602.jpg', 'image.3566.png', 'image.3601.jpg', 'image.3567.jpg', 'image.1182.jpg', 'image.3173.jpg', 'image.3270.jpg', 'image.3269.jpg', 'image.2897.jpg']","[0.2633443744100594, 0.2552074536333771, 0.24991275224790974, 0.24322817844525763, 0.23849255425923693, 0.23314863535213018, 0.2311946754579138, 0.2023441765726389, 0.19991294538937168, 0.19474687678893762]",شاه,target word,<>
fa,100,"['image.2953.jpg', 'image.3608.jpg', 'image.3604.jpg', 'image.3609.jpg', 'image.3610.jpg', 'image.3611.jpg', 'image.3605.png', 'image.3603.png', 'image.3606.png', 'image.3607.png']","[0.27882046016706996, 0.27120282698691195, 0.268083556956757, 0.23888522016730315, 0.2355202989496214, 0.22243724697215664, 0.21774649681005914, 0.18465070106959133, 0.16371383682408658, 0.1443437583053166]",ماه,target word,<>
fa,101,"['image.3615.jpg', 'image.3621.jpg', 'image.3612.jpg', 'image.3616.jpg', 'image.3617.jpg', 'image.3618.jpg', 'image.3613.jpg', 'image.3619.jpg', 'image.3614.jpg', 'image.3620.jpg']","[0.24990375597011233, 0.23635261889900372, 0.2311229667229645, 0.22650050498816654, 0.22507837569992556, 0.2053061259313342, 0.20192101860866646, 0.20005154625041371, 0.19952580187126231, 0.1968007234437337]",لگد,target word,<>
fa,102,"['image.3625.jpg', 'image.3630.jpg', 'image.3622.jpg', 'image.3629.jpg', 'image.3624.jpg', 'image.3631.jpg', 'image.3628.jpg', 'image.3627.jpg', 'image.3626.jpg', 'image.3623.jpg']","[0.2407066065718262, 0.22700678433757698, 0.2268523097351687, 0.22342163150814043, 0.2188242677881619, 0.21868055038023276, 0.2162863102721355, 0.20574487527074548, 0.20300504660769156, 0.19888048214598697]",قرص,target word,<>
fa,103,"['image.3637.jpg', 'image.3638.jpg', 'image.3635.jpg', 'image.3639.jpg', 'image.3632.jpg', 'image.1013.jpg', 'image.3634.jpg', 'image.3.jpg', 'image.3636.jpg', 'image.3633.jpg']","[0.23781460683655614, 0.23684243363179713, 0.22294494746397167, 0.216516922272894, 0.2154793385240309, 0.2144103071754712, 0.21193562786385164, 0.2095087805957825, 0.2075895927120082, 0.19858406057446343]",بشر,target word,<>
fa,104,"['image.3644.jpg', 'image.3645.jpg', 'image.3648.jpg', 'image.3646.jpg', 'image.3649.jpg', 'image.3642.jpg', 'image.3641.jpg', 'image.3640.jpg', 'image.3643.jpg', 'image.3647.jpg']","[0.24775751041848085, 0.23823697876855335, 0.2344322654117036, 0.23226200421742862, 0.2228943426265059, 0.22164011920707571, 0.2175208777511559, 0.21748754720883365, 0.21600390476448517, 0.19541122115980436]",دبی,target word,<>
fa,105,"['image.3658.jpg', 'image.3652.jpg', 'image.3653.jpg', 'image.3651.jpg', 'image.3657.jpg', 'image.3659.jpg', 'image.3650.jpg', 'image.3654.jpg', 'image.3655.png', 'image.3656.jpg']","[0.24062284580157167, 0.24001379371774342, 0.23824303861322796, 0.2373135419528326, 0.23597690096199586, 0.2329308229760618, 0.23155388790263132, 0.23119134553815648, 0.21568874571776367, 0.21089501576393613]",ماده,target word,<>
fa,106,"['image.3662.jpg', 'image.3664.jpg', 'image.3270.jpg', 'image.3663.jpg', 'image.3660.jpg', 'image.3665.jpg', 'image.2897.jpg', 'image.3666.jpg', 'image.3269.jpg', 'image.3661.jpg']","[0.23863333588313868, 0.2236522585449957, 0.21829588979913914, 0.21540263152017064, 0.213455519138591, 0.21262847675851237, 0.21074029215299334, 0.20768719380054454, 0.1999942091958086, 0.193615019689566]",کیش,target word,<>
fa,107,"['image.3671.jpg', 'image.3673.jpg', 'image.3668.jpg', 'image.374.jpg', 'image.3672.jpg', 'image.3667.jpg', 'image.3670.jpg', 'image.3230.jpg', 'image.3674.jpg', 'image.3669.jpg']","[0.30059299329188366, 0.23874451318547585, 0.21264775064051544, 0.21121255048916046, 0.20959365090316445, 0.20557961936162597, 0.1950398697717976, 0.1933797265446602, 0.19131477787930481, 0.18099305923050477]",شیر,target word,<>
fa,108,"['image.3683.jpg', 'image.3682.jpg', 'image.3676.jpg', 'image.3678.jpg', 'image.3684.jpg', 'image.3675.jpg', 'image.3680.jpg', 'image.3677.jpg', 'image.3681.jpg', 'image.3679.jpg']","[0.23726518274566982, 0.23097326713532806, 0.23045189539133812, 0.2286631020084815, 0.22762275733521856, 0.2268471583291909, 0.21874888094291667, 0.2182086962324128, 0.21579665118616878, 0.20512933226749838]",سنت,target word,<>
fa,109,"['image.3396.jpg', 'image.3399.jpg', 'image.3395.jpg', 'image.3391.png', 'image.3397.jpg', 'image.3394.jpg', 'image.3398.jpg', 'image.3393.jpg', 'image.3400.jpg', 'image.3392.jpg']","[0.2553954034722122, 0.25268869417663326, 0.23842073718262988, 0.22254864236019112, 0.21898824177806644, 0.21297201306244154, 0.20440540362139684, 0.19803406485178587, 0.19664745602092165, 0.18563269734964935]",کشتی,target word,<>
fa,110,"['image.3693.jpg', 'image.3691.jpg', 'image.3687.jpg', 'image.3685.jpg', 'image.3694.jpg', 'image.3689.jpg', 'image.3690.jpg', 'image.3688.jpg', 'image.3692.jpg', 'image.3686.jpg']","[0.2203957801746373, 0.21566350005644144, 0.2138850835429997, 0.21350601645077713, 0.20931662274545448, 0.2089705818848634, 0.20429793346751038, 0.2017742646684669, 0.1970295842401143, 0.18283635561633887]",روی‎,target word,<>
fa,111,"['image.3699.jpg', 'image.3700.jpg', 'image.3696.jpg', 'image.3704.jpg', 'image.3701.jpg', 'image.3698.jpg', 'image.3703.jpg', 'image.3702.jpg', 'image.3697.jpg', 'image.3695.jpg']","[0.2422938557959678, 0.23518736217560984, 0.2260357529339756, 0.22545756605047795, 0.2207925456067039, 0.2108437115974308, 0.20948646699152676, 0.2021107890581488, 0.20166660242365167, 0.19947190882259805]",ریش,target word,<>
fa,112,"['image.3671.jpg', 'image.1342.jpg', 'image.3708.png', 'image.3706.jpg', 'image.3709.jpg', 'image.3707.jpg', 'image.3710.jpg', 'image.2801.png', 'image.3705.jpg', 'image.1338.jpg']","[0.30059297098445076, 0.21121254717587257, 0.2106122923878624, 0.20763508676705536, 0.196329180494757, 0.1961557802496857, 0.1933553425901132, 0.19329906000922253, 0.19261889564010037, 0.17940049691831897]",شیر,target word,<>
fa,113,"['image.3714.png', 'image.3711.jpg', 'image.3713.jpg', 'image.3717.jpg', 'image.3718.jpg', 'image.3712.jpg', 'image.3716.jpg', 'image.3720.jpg', 'image.3715.jpg', 'image.3719.jpg']","[0.2502783804648963, 0.241224507585225, 0.22318197717018715, 0.22156352137775373, 0.21375783811254884, 0.21268874176330732, 0.20560172616736436, 0.19215959529278426, 0.18709238464805011, 0.18442032771460926]",عالم,target word,<>
fa,114,"['image.3123.jpg', 'image.3122.jpg', 'image.3124.jpg', 'image.1498.jpg', 'image.1795.jpg', 'image.3126.jpg', 'image.3121.jpg', 'image.3119.jpg', 'image.3120.jpg', 'image.3125.jpg']","[0.24142925071811555, 0.2354082448275264, 0.22973981657829592, 0.2262880960730827, 0.2183753374415622, 0.21527290303137384, 0.21254470211973978, 0.20959179407418227, 0.20891847855016135, 0.20266865595865954]",کارتن,target word,<>
fa,115,"['image.3725.jpg', 'image.3727.jpg', 'image.3721.jpg', 'image.3722.png', 'image.3724.jpg', 'image.3723.jpg', 'image.3730.png', 'image.3729.jpg', 'image.3728.jpg', 'image.3726.jpg']","[0.23250794945205358, 0.21502320288113186, 0.21448085032667574, 0.2087691370997496, 0.2065932113975705, 0.20608718133038245, 0.20093344766428103, 0.20029544106203565, 0.19857279141912704, 0.18445300853844324]",کروم,target word,<>
fa,116,"['image.3736.jpg', 'image.3732.jpg', 'image.3737.jpg', 'image.3738.jpg', 'image.3228.jpg', 'image.3735.jpg', 'image.3734.jpg', 'image.1563.jpg', 'image.3731.jpg', 'image.3733.jpg']","[0.2466478248633237, 0.24522999875865284, 0.2417619512807352, 0.239117320335656, 0.23285002265347318, 0.2308384180303762, 0.23072076330854233, 0.22682266827235603, 0.2109103600464809, 0.2109103600464809]",حلال,target word,<>
fa,117,"['image.3743.jpg', 'image.3740.jpg', 'image.3746.jpg', 'image.3747.jpg', 'image.3744.jpg', 'image.3745.jpg', 'image.3739.jpg', 'image.3742.jpg', 'image.3741.jpg', 'image.3748.jpg']","[0.22969530138822639, 0.22902180015853335, 0.2282479765173197, 0.2226763731710487, 0.21892897917441084, 0.21834552804310645, 0.21575154644606187, 0.21476918559783806, 0.20630306525930303, 0.1984961289404573]",کورس,target word,<>
fa,118,"['image.2778.png', 'image.3753.jpg', 'image.3752.jpg', 'image.3757.png', 'image.3751.jpg', 'image.3750.jpg', 'image.3756.jpg', 'image.3749.jpg', 'image.3755.jpg', 'image.3754.jpg']","[0.22711686861349606, 0.22171798164138684, 0.2207276610864194, 0.21449729122987135, 0.2138850797100106, 0.20922892767425505, 0.20429792956373957, 0.2019304184502646, 0.19672534789906218, 0.1929653971665221]",روی‎,target word,<>
fa,119,"['image.3759.jpg', 'image.3761.png', 'image.3760.png', 'image.3766.png', 'image.3765.jpg', 'image.3758.jpg', 'image.3762.jpg', 'image.3763.jpg', 'image.2850.jpg', 'image.3764.jpg']","[0.2905740284124, 0.2905129466917643, 0.23436989946168282, 0.2278682297952005, 0.21682703536260267, 0.2124655838152858, 0.2042173296234771, 0.20409875131693683, 0.19780474218448357, 0.18462492964265195]",دو,target word,<>
fa,120,"['image.3768.jpg', 'image.3771.jpg', 'image.1215.jpg', 'image.3770.jpg', 'image.3772.jpg', 'image.3767.jpg', 'image.3775.jpg', 'image.3769.png', 'image.3773.jpg', 'image.3774.jpg']","[0.22757504774824486, 0.2246134272721368, 0.2201640902724715, 0.2193922845365448, 0.21430893395078204, 0.2066972930275707, 0.20273476106059948, 0.2010940802184414, 0.19791644574930403, 0.19613838952578733]",ترازو,target word,<>
fa,121,"['image.3781.jpg', 'image.3784.jpg', 'image.3776.jpg', 'image.3780.jpg', 'image.3785.jpg', 'image.3782.jpg', 'image.3777.png', 'image.3783.jpg', 'image.3779.jpg', 'image.3778.jpg']","[0.2470765773885243, 0.24674205484710018, 0.24555660842183347, 0.243323646867962, 0.24209781645196063, 0.23831431427462052, 0.2287991522100983, 0.22180729489674755, 0.21495485969337183, 0.21182588452415033]",دکمه,target word,<>
fa,122,"['image.3148.png', 'image.3143.jpg', 'image.3140.jpg', 'image.3145.jpg', 'image.3147.jpg', 'image.3146.jpg', 'image.3144.jpg', 'image.2845.jpg', 'image.761.jpg', 'image.3786.jpg']","[0.27289828557983226, 0.23890433000427141, 0.23870656253057568, 0.23366256560305698, 0.2322281529824441, 0.2197013644484797, 0.2116937573827472, 0.20182864549193985, 0.19994110632521248, 0.19825799664562183]",کره,target word,<>
fa,123,"['image.3796.jpg', 'image.3794.jpg', 'image.3791.jpg', 'image.3792.jpg', 'image.3789.jpg', 'image.3788.jpg', 'image.3787.jpg', 'image.3795.jpg', 'image.3790.jpg', 'image.3793.jpg']","[0.23576066776419366, 0.23426401558472443, 0.23072065561164065, 0.22679750962060488, 0.2229571243476104, 0.2175088711770317, 0.2170498273680557, 0.20994746339627718, 0.20823946316538064, 0.2007760203501769]",فانوس,target word,<>
fa,124,"['image.3802.png', 'image.3805.jpg', 'image.3799.jpg', 'image.3800.jpg', 'image.3803.jpg', 'image.3798.png', 'image.3806.jpg', 'image.3797.jpg', 'image.3801.jpg', 'image.3804.jpg']","[0.2504711182836534, 0.24916660259459802, 0.2339493913607729, 0.23223223608123864, 0.2298347613802882, 0.22353250064130764, 0.22348560724397876, 0.21249650603723852, 0.20598138301126717, 0.1981451720349978]",اپرا,target word,<>
fa,125,"['image.3813.jpg', 'image.3814.jpg', 'image.3810.jpg', 'image.3808.jpg', 'image.3809.jpg', 'image.3807.jpg', 'image.3816.jpg', 'image.3815.jpg', 'image.3812.jpg', 'image.3811.jpg']","[0.27520275789845694, 0.26794660611657334, 0.2493243441701668, 0.24107404449075845, 0.23712080737770505, 0.23346749253015764, 0.22418375064769358, 0.1969771935120101, 0.19346918694350596, 0.19057221414514783]",پارک,target word,<>
fa,126,"['image.3826.jpg', 'image.3820.jpg', 'image.3818.jpg', 'image.3822.jpg', 'image.3819.jpg', 'image.3821.jpg', 'image.3823.jpg', 'image.3817.jpg', 'image.3825.jpg', 'image.3824.jpg']","[0.22492901607914909, 0.21788852206436274, 0.20963152993058734, 0.20889065402043383, 0.20183571289239724, 0.20102465172922807, 0.19928367128389313, 0.19109552125451407, 0.1857581325477836, 0.1852153780372442]",مالت,target word,<>
fa,127,"['image.3830.jpg', 'image.3835.jpg', 'image.3829.jpg', 'image.3834.jpg', 'image.3827.jpg', 'image.2948.jpg', 'image.3831.png', 'image.3833.jpg', 'image.3832.jpg', 'image.3828.jpg']","[0.22486850019772253, 0.2207313573671452, 0.217911722790884, 0.20906533086420817, 0.20379707235010278, 0.20359893886706942, 0.20003200717197983, 0.19693314796740086, 0.1919195096637604, 0.17734280979611156]",نی,target word,<>
fa,128,"['image.3840.jpg', 'image.3041.jpg', 'image.975.jpg', 'image.3039.jpg', 'image.3037.jpg', 'image.3836.jpg', 'image.3838.jpg', 'image.3839.jpg', 'image.3035.png', 'image.3837.jpg']","[0.2120275871157284, 0.2021517667761557, 0.20161108834667613, 0.2008564518765165, 0.19562621686026135, 0.18849066444015905, 0.18727259204084667, 0.18682345936182265, 0.1864478233826862, 0.18272489334419276]",جوش,target word,<>
fa,129,"['image.3849.jpg', 'image.3846.jpg', 'image.3845.jpg', 'image.3847.jpg', 'image.3843.jpg', 'image.3848.jpg', 'image.3841.jpg', 'image.3842.jpg', 'image.3850.jpg', 'image.3844.jpg']","[0.22223107952455196, 0.2141372928159149, 0.2138207628599607, 0.2134798149552394, 0.21200384781022585, 0.20988498057688665, 0.20826441430453854, 0.20494762414342246, 0.20471008172861418, 0.20386476197440911]",گرده,target word,<>
fa,130,"['image.3854.jpg', 'image.3140.jpg', 'image.3147.jpg', 'image.3853.jpg', 'image.1342.jpg', 'image.3856.jpg', 'image.3852.jpg', 'image.3851.jpg', 'image.2793.jpg', 'image.3855.jpg']","[0.30059297098445076, 0.2685113768063074, 0.26201465383205, 0.2218353305444328, 0.21121254717587257, 0.20984092720694264, 0.2002096970485661, 0.19797787465913044, 0.1949722769298609, 0.18220249486090642]",شیر,target word,<>
fa,131,"['image.3861.jpg', 'image.3860.png', 'image.3862.png', 'image.3857.jpg', 'image.3859.jpg', 'image.3864.jpg', 'image.3858.png', 'image.3866.png', 'image.3865.jpg', 'image.3863.jpg']","[0.2642099039483952, 0.2603566037079931, 0.2595717734006123, 0.2588939095185899, 0.2504998487941654, 0.229990204313691, 0.22811087215138567, 0.22543189360004742, 0.21369348041341657, 0.18133751679008478]",ستاره,target word,<>
fa,132,"['image.3875.png', 'image.3876.png', 'image.3870.png', 'image.3868.jpg', 'image.3874.png', 'image.3871.png', 'image.3872.png', 'image.3867.jpg', 'image.3873.jpg', 'image.3869.jpg']","[0.2646688772680567, 0.2498437507762613, 0.2353155590284798, 0.2282191734931668, 0.222101638568884, 0.21848462033335428, 0.21776991234150522, 0.21531147679555918, 0.2094845300051183, 0.20163634112546933]",دایره,target word,<>
fa,133,"['image.3880.jpg', 'image.3877.jpg', 'image.3878.jpg', 'image.3879.jpg', 'image.3881.jpg', 'image.3885.jpg', 'image.3884.jpg', 'image.3886.jpg', 'image.3882.jpg', 'image.3883.jpg']","[0.2191021424972489, 0.21236302991631326, 0.20458476552859253, 0.2036611674278299, 0.20343914653994677, 0.20221487588177492, 0.2000479001505961, 0.19606375504724036, 0.19541414877226612, 0.19025997723999954]",باز,target word,<>
fa,134,"['image.3889.png', 'image.3896.png', 'image.3892.png', 'image.3887.jpg', 'image.3895.png', 'image.3894.png', 'image.3891.jpg', 'image.3888.jpg', 'image.3893.png', 'image.3890.jpg']","[0.2653522655225508, 0.2653522655225508, 0.2441329916883425, 0.23121740682157274, 0.22651277752728877, 0.2264346074449412, 0.22597653801922263, 0.22594236723882002, 0.21725817260685307, 0.21259347177565055]",دلتا,target word,<>
fa,135,"['image.3902.png', 'image.3898.png', 'image.3900.jpg', 'image.3897.jpg', 'image.3901.jpg', 'image.3899.jpg', 'image.3904.jpg', 'image.3903.jpg', 'image.3905.png', 'image.3906.jpg']","[0.2436350643785431, 0.24160241594446735, 0.23178988114443386, 0.2252604465607171, 0.22416849117145757, 0.21834435891392182, 0.21770079167059153, 0.208373625977077, 0.20638094219287312, 0.19969998803701136]",چک,target word,<>
fa,136,"['image.3915.jpg', 'image.3912.jpg', 'image.3909.jpg', 'image.3908.jpg', 'image.3916.jpg', 'image.3914.jpg', 'image.3907.jpg', 'image.3913.JPG', 'image.3911.jpg', 'image.3910.jpg']","[0.21840062955616915, 0.21800713909214178, 0.21682808076204582, 0.21398236668732457, 0.21309331707788953, 0.2087333926654958, 0.2018960918454367, 0.20062453639950728, 0.2000479001505961, 0.1927780050799658]",باز,target word,<>
fa,137,"['image.3919.jpg', 'image.3918.jpg', 'image.3925.jpg', 'image.3923.jpg', 'image.3922.jpg', 'image.3921.png', 'image.3917.jpg', 'image.2898.jpg', 'image.3924.png', 'image.3920.jpg']","[0.22159574631013254, 0.2116546799522207, 0.20531404939305783, 0.20470959289617632, 0.19810952429459075, 0.19763837305226442, 0.1960786193498159, 0.19525110409689622, 0.18663744357223327, 0.1857209122457501]",حمله,target word,<>
fa,138,"['image.3930.jpg', 'image.3928.jpg', 'image.3932.jpg', 'image.3934.jpg', 'image.3926.jpg', 'image.3933.jpg', 'image.3929.png', 'image.3935.jpg', 'image.3931.jpg', 'image.3927.jpg']","[0.21536926663221753, 0.21319210864612445, 0.21090730474128166, 0.21042604303268497, 0.20773653484224736, 0.19734198752230808, 0.19155187631409135, 0.18936228603222469, 0.18902758097090205, 0.1879810993271564]",باله,target word,<>
fa,139,"['image.3573.jpg', 'image.3937.jpg', 'image.3572.jpg', 'image.3171.jpg', 'image.3167.jpg', 'image.3936.jpg', 'image.2286.jpg', 'image.3939.jpg', 'image.3940.jpg', 'image.3938.jpg']","[0.23426528613829056, 0.21829319411391643, 0.21478473132526896, 0.2143694220047659, 0.21284707756243823, 0.21175525696208766, 0.2065848630663835, 0.2056086056057036, 0.19981706627395865, 0.19557671244555075]",مهره,target word,<>
fa,140,"['image.3945.jpg', 'image.3946.jpg', 'image.3944.jpg', 'image.3772.jpg', 'image.3943.jpg', 'image.3942.jpg', 'image.3947.jpg', 'image.3949.jpg', 'image.3948.jpg', 'image.3941.jpg']","[0.2756623337470941, 0.26673095393958635, 0.26517467139331274, 0.25168132147788097, 0.25111059533557717, 0.24598976795888325, 0.23879436501331355, 0.22806696406543514, 0.20970571762316625, 0.2018465790420503]",فضا,target word,<>
fa,141,"['image.3954.jpg', 'image.3952.jpg', 'image.3951.jpg', 'image.3956.jpg', 'image.3950.jpg', 'image.3953.jpg', 'image.3958.jpg', 'image.3955.jpg', 'image.3957.png', 'image.3959.jpg']","[0.22426183167463434, 0.22314351110394054, 0.22232460533290266, 0.21788257974408062, 0.20988936484492152, 0.2093581502503476, 0.20733003017136042, 0.2066792590292782, 0.20580001532837655, 0.2045666979615574]",تلمبه,target word,<>
fa,142,"['image.3962.jpg', 'image.3965.png', 'image.3963.jpg', 'image.3961.jpg', 'image.3960.jpg', 'image.3968.jpg', 'image.3969.jpg', 'image.3964.jpg', 'image.3966.jpg', 'image.3967.jpg']","[0.28674656813075633, 0.2324217658868979, 0.2099570899942888, 0.20985151392564094, 0.20818564889058278, 0.20544717586571723, 0.20445984571578646, 0.19365307085552208, 0.18725123872527127, 0.18665060578174208]",زنگ,target word,<>
fa,143,"['image.3978.jpg', 'image.3972.jpg', 'image.3975.jpg', 'image.3973.jpg', 'image.3977.jpg', 'image.3971.jpg', 'image.3974.jpg', 'image.3979.jpg', 'image.3976.jpg', 'image.3970.jpg']","[0.23570775654420673, 0.23385429058321594, 0.23190138728533027, 0.22287433967828513, 0.22253411302377296, 0.22179659034248875, 0.21733469350385745, 0.21658503740706958, 0.2025845753950497, 0.19259806547826497]",لب,target word,<>
fa,144,"['image.3980.jpg', 'image.3987.jpg', 'image.3985.jpg', 'image.3982.jpg', 'image.3981.png', 'image.3984.png', 'image.3988.jpg', 'image.3986.jpg', 'image.3989.jpg', 'image.3983.png']","[0.2554703171139268, 0.2524103730708824, 0.24926237547402932, 0.24571508521163252, 0.24524158013849695, 0.23811941977454698, 0.23797316285741832, 0.22925760779800797, 0.22732592439474913, 0.2141297245696801]",میدان,target word,<>
fa,145,"['image.3991.jpg', 'image.3998.jpg', 'image.3992.jpg', 'image.3993.jpg', 'image.3990.jpg', 'image.3996.jpg', 'image.3994.jpg', 'image.3995.jpg', 'image.3999.jpg', 'image.3997.jpg']","[0.25673330284805274, 0.21757461427631303, 0.20186017558785557, 0.19369462199156734, 0.18721670187017983, 0.18457399875896538, 0.1818280093947845, 0.1772799135127941, 0.16913093091810139, 0.1630851678179887]",جرم,target word,<>
fa,146,"['image.2945.jpg', 'image.2552.jpg', 'image.2946.jpg', 'image.2943.jpg', 'image.4001.png', 'image.2944.jpg', 'image.2942.jpg', 'image.4000.jpg', 'image.2940.jpg', 'image.2941.jpg']","[0.2238958692974973, 0.22359125471026756, 0.2202915815215831, 0.2178685869417333, 0.21666605003460596, 0.2129766354204135, 0.2123028146037014, 0.21157627057009668, 0.20932343016057187, 0.19655576212213063]",عرق,target word,<>
fa,147,"['image.4003.jpg', 'image.4004.jpg', 'image.4002.jpg', 'image.3676.jpg', 'image.3678.jpg', 'image.3684.jpg', 'image.4006.jpg', 'image.3675.jpg', 'image.3680.jpg', 'image.4005.jpg']","[0.24598142505634507, 0.24316635262652728, 0.23726518029194318, 0.23045188973804026, 0.2286630992401063, 0.22762275086536107, 0.22704455518851765, 0.22684715603866695, 0.21874888133517742, 0.21820869593064782]",سنت,target word,<>
fa,148,"['image.3736.jpg', 'image.3732.jpg', 'image.4007.jpg', 'image.4010.png', 'image.3735.jpg', 'image.3513.jpg', 'image.4012.jpg', 'image.4009.jpg', 'image.4008.jpg', 'image.4011.jpg']","[0.24664783587046704, 0.24522999958313246, 0.23911733248862013, 0.23615284736683329, 0.23083842353029438, 0.22791868143426242, 0.22780600669789586, 0.21952150568878318, 0.21091036678230285, 0.20517600340821343]",حلال,target word,<>
fa,149,"['image.4016.jpg', 'image.4015.jpg', 'image.120.jpg', 'image.4017.jpg', 'image.4021.png', 'image.4019.jpg', 'image.4018.jpg', 'image.4013.jpg', 'image.4020.jpg', 'image.4014.jpg']","[0.2355255127061592, 0.22575257022399456, 0.22505520464736084, 0.22176437258392778, 0.22157774689981366, 0.21582434312747403, 0.2140336813124439, 0.21378984539761875, 0.21288974654462917, 0.204012291362476]",پیچ,target word,<>
fa,150,"['image.4031.jpg', 'image.4023.png', 'image.4029.jpg', 'image.4025.jpg', 'image.4026.jpg', 'image.4027.jpg', 'image.4028.png', 'image.4024.jpg', 'image.4022.jpg', 'image.4030.jpg']","[0.2462980470402566, 0.23941698694314104, 0.23687608985959033, 0.22245801704874177, 0.22133609562259163, 0.22083507373685932, 0.2171568910134342, 0.20779413595636295, 0.19982859031590047, 0.19208237091647393]",تولد,target word,<>
fa,151,"['image.4037.jpg', 'image.2935.jpg', 'image.1039.jpg', 'image.2933.jpg', 'image.4035.jpg', 'image.4034.jpg', 'image.4036.jpg', 'image.4032.jpg', 'image.4033.jpg', 'image.2970.jpg']","[0.28139558496461364, 0.2732817857249954, 0.2688842591082967, 0.23939773668192368, 0.2366577614269765, 0.22817170731225567, 0.22199890313822176, 0.21981928698864814, 0.211212886795886, 0.19027277503026618]",شیشه,target word,<>
fa,152,"['image.4045.jpg', 'image.4042.jpg', 'image.4044.jpg', 'image.4046.jpg', 'image.4039.jpg', 'image.4047.jpg', 'image.4043.png', 'image.4040.jpeg', 'image.4041.jpg', 'image.4038.jpg']","[0.22293012401738607, 0.22253558032365495, 0.21654655814999976, 0.21458823656515918, 0.2124667669099883, 0.21141519502456407, 0.20376629717118847, 0.2029844976284522, 0.20066903529406235, 0.18915618913258092]",پست,target word,<>
fa,153,"['image.4049.jpg', 'image.4056.jpg', 'image.2778.png', 'image.4055.jpg', 'image.4053.jpg', 'image.4051.jpg', 'image.4050.jpg', 'image.4054.jpg', 'image.4048.jpg', 'image.4052.jpg']","[0.24565762474981692, 0.2433268015985744, 0.23832657188341308, 0.23807819848926204, 0.23236063196672774, 0.22937720473365267, 0.21914083622233183, 0.21689019896903852, 0.21493429553718943, 0.20001551690423516]",پیوند,target word,<>
fa,154,"['image.4058.jpg', 'image.2984.jpg', 'image.4057.jpg', 'image.4064.jpg', 'image.4062.jpg', 'image.4061.jpg', 'image.4059.jpg', 'image.3017.jpg', 'image.4063.jpg', 'image.4060.jpg']","[0.23608540828122995, 0.23395005528328708, 0.2299869009199753, 0.22913879169213386, 0.2271090976454705, 0.2258345607936966, 0.22247066310861396, 0.21488601836148286, 0.21366458588954002, 0.20962270425480334]",لنگ,target word,<>
fa,155,"['image.4069.jpg', 'image.4070.jpg', 'image.4067.jpg', 'image.4073.jpg', 'image.1287.jpg', 'image.4072.jpg', 'image.4068.jpg', 'image.4071.jpg', 'image.4066.jpg', 'image.4065.jpg']","[0.22808838176897825, 0.22329738731867224, 0.2197129075698464, 0.21502978086602545, 0.2138594016943919, 0.20891005055059178, 0.20858668008983466, 0.20484196895309018, 0.20000818598108022, 0.19170622357423425]",شور,target word,<>
fa,156,"['image.4083.jpg', 'image.4080.jpg', 'image.4079.jpg', 'image.4078.jpg', 'image.4082.jpg', 'image.4077.jpg', 'image.4075.jpg', 'image.4081.jpg', 'image.4074.jpg', 'image.4076.jpg']","[0.2366551321634815, 0.23511787964895145, 0.22553600545041902, 0.22473837426900195, 0.22244169117751356, 0.21929687254173316, 0.21814132276304182, 0.21269400202672487, 0.20597760404281984, 0.20536310634125768]",خال,target word,<>
fa,157,"['image.4090.png', 'image.4089.png', 'image.4085.png', 'image.3539.jpg', 'image.4084.jpg', 'image.4086.jpg', 'image.4088.jpg', 'image.4092.png', 'image.4091.jpg', 'image.4087.jpg']","[0.2535951772948781, 0.25312982576197335, 0.24309320228171252, 0.2274035011632529, 0.22310871048644912, 0.22105669267198338, 0.212683776336333, 0.2107745974649947, 0.21064279114573808, 0.20781673088530553]",ده,target word,<>
fa,158,"['image.4096.jpg', 'image.4100.jpg', 'image.4094.jpg', 'image.4101.jpg', 'image.4095.jpg', 'image.4093.jpg', 'image.4099.jpg', 'image.4097.jpg', 'image.4098.jpg', 'image.4102.jpg']","[0.22404767377282378, 0.22266456058795697, 0.21649648331012444, 0.21573940845377584, 0.21160205758669068, 0.20878517844069425, 0.20618016503925968, 0.19753417167763568, 0.19221728078617945, 0.18833334490000958]",تخم,target word,<>
fa,159,"['image.4109.jpg', 'image.327.jpg', 'image.4107.jpg', 'image.4108.jpg', 'image.4106.jpg', 'image.2371.jpg', 'image.4103.jpg', 'image.4105.jpg', 'image.3596.jpg', 'image.4104.jpg']","[0.23759556532761444, 0.23095864469929842, 0.23089931697683877, 0.22652950368299624, 0.22545427184858136, 0.21922356804439966, 0.21671849484942798, 0.2162863102721355, 0.21027631290995974, 0.20300504660769156]",قرص,target word,<>
fa,160,"['image.3866.png', 'image.4118.png', 'image.4111.jpg', 'image.4113.jpg', 'image.4115.jpg', 'image.4117.jpg', 'image.4116.jpg', 'image.4114.jpg', 'image.4110.jpg', 'image.4112.jpg']","[0.30080892560355615, 0.2782534824057646, 0.23695210710064363, 0.22550108992888132, 0.20869370578436552, 0.2085172614559724, 0.1946208130947165, 0.18789712999811406, 0.18263499346532028, 0.17785683727106738]",چین,target word,<>
fa,161,"['image.4128.jpg', 'image.4123.jpg', 'image.4119.jpg', 'image.4124.jpg', 'image.4127.jpg', 'image.4120.jpg', 'image.4126.jpg', 'image.4122.jpg', 'image.4125.jpg', 'image.4121.jpg']","[0.23697079892595438, 0.23437511312108508, 0.2236646483550599, 0.2222508082381136, 0.2219873300341593, 0.21826362742907146, 0.21812666336096714, 0.20506228459433454, 0.203313899630872, 0.20162099854123716]",قوس,target word,<>
fa,162,"['image.4135.jpg', 'image.4136.jpg', 'image.4134.jpg', 'image.4133.jpg', 'image.4132.jpg', 'image.4131.jpg', 'image.4137.jpg', 'image.4129.jpg', 'image.4130.jpg', 'image.4138.jpg']","[0.2339139431382688, 0.23346981137168174, 0.22376665293478157, 0.22217521638767543, 0.21833970788890816, 0.21717593535139534, 0.2151239294811048, 0.21311670503509952, 0.20794485136146848, 0.20264347340806224]",مارس,target word,<>
fa,163,"['image.4140.jpg', 'image.4142.jpg', 'image.4145.jpg', 'image.4146.jpg', 'image.3493.png', 'image.4141.jpg', 'image.4139.jpg', 'image.4143.jpg', 'image.4147.png', 'image.4144.jpg']","[0.2439175901344419, 0.23413902316808693, 0.23240843575749226, 0.220769202600543, 0.19671247448908788, 0.18951895654749049, 0.18905433837715602, 0.1887823432955395, 0.18103008450706276, 0.1736376545434889]",مدرس,target word,<>
fa,164,"['image.4151.jpg', 'image.3386.jpg', 'image.4149.jpg', 'image.4155.jpg', 'image.4153.jpg', 'image.4148.jpg', 'image.4156.jpg', 'image.4154.jpg', 'image.4150.jpg', 'image.4152.jpg']","[0.2450344095972871, 0.23335428408796258, 0.23193308346664904, 0.22957136123737507, 0.22840547828790483, 0.2236002433382935, 0.22250972794946555, 0.2216326381212572, 0.2124625821193718, 0.21162148376406584]",مدل,target word,<>
fa,165,"['image.4157.jpg', 'image.4163.jpg', 'image.4164.jpg', 'image.4160.jpg', 'image.4165.jpg', 'image.4162.jpg', 'image.4158.jpg', 'image.4159.jpg', 'image.4161.jpg', 'image.46.jpg']","[0.2266376208030096, 0.22155462367468812, 0.22054828904882445, 0.22049013781252558, 0.21742490395476288, 0.21469002452855862, 0.21405321973944952, 0.210270090320445, 0.20125699891350107, 0.186194863284446]",سنج,target word,<>
fa,166,"['image.4169.jpg', 'image.4174.jpg', 'image.4166.jpg', 'image.4167.jpg', 'image.4175.jpg', 'image.4170.png', 'image.4172.jpg', 'image.4168.jpg', 'image.4171.jpg', 'image.4173.jpg']","[0.23680603241538864, 0.23513061831796192, 0.23045420076674983, 0.23006697957505395, 0.2289953190316177, 0.22112636412698491, 0.2195061460049213, 0.2180956744025417, 0.21315882086709004, 0.2057711286333811]",عاج,target word,<>
fa,167,"['image.4179.jpg', 'image.4185.jpg', 'image.4181.png', 'image.4178.jpg', 'image.4183.jpg', 'image.4176.jpg', 'image.4177.png', 'image.4182.jpg', 'image.4184.jpg', 'image.4180.jpg']","[0.26150597645038465, 0.260883079550286, 0.24657136324364073, 0.2457723622722136, 0.21726573682281955, 0.21036024661477357, 0.20889648833177657, 0.20252394984324182, 0.19667786622193845, 0.18349910333653777]",سلول,target word,<>
fa,168,"['image.3396.jpg', 'image.3399.jpg', 'image.3395.jpg', 'image.3391.png', 'image.3397.jpg', 'image.3394.jpg', 'image.3398.jpg', 'image.3393.jpg', 'image.3400.jpg', 'image.3392.jpg']","[0.2553953829454802, 0.25268867791013555, 0.23842072350349294, 0.22254863120970172, 0.21898823439321208, 0.21297200286871926, 0.20440539541843764, 0.1980340611947016, 0.1966474537822424, 0.18563269338326086]",کشتی‎,target word,<>
fa,169,"['image.4187.jpg', 'image.3945.jpg', 'image.4191.jpg', 'image.4188.jpg', 'image.4190.jpg', 'image.4186.jpg', 'image.3620.jpg', 'image.4192.jpg', 'image.4193.jpg', 'image.4189.jpg']","[0.23504637061226136, 0.22071615831944466, 0.22018085743837, 0.21940440582764106, 0.21764177892824732, 0.21609903118704354, 0.2109595255827123, 0.2108934972326468, 0.209230216918446, 0.20734858891944336]",گونيا,target word,<>
fa,170,"['image.4195.png', 'image.4198.png', 'image.4194.jpg', 'image.4203.png', 'image.4200.png', 'image.4196.jpg', 'image.4199.jpg', 'image.4197.jpg', 'image.4201.jpg', 'image.4202.jpg']","[0.19490553303271455, 0.19114876992161295, 0.18474262804053365, 0.18441347723529342, 0.18431743803423373, 0.18335770890529998, 0.1779721995458249, 0.1777469774543878, 0.17164129467402225, 0.17018344686108094]",ميدان,target word,<>
fa,171,"['image.4210.jpg', 'image.4206.jpg', 'image.4207.jpg', 'image.3241.jpg', 'image.4205.jpg', 'image.3245.jpg', 'image.4211.jpg', 'image.4204.jpg', 'image.4208.jpg', 'image.4209.jpg']","[0.23005535308225286, 0.21349282088723986, 0.21128160725678005, 0.20930392954521965, 0.20794099751352396, 0.2066886435783842, 0.20573390787458476, 0.1963632455936872, 0.17366417636398196, 0.16742621855366072]",شکست,target word,<>
fa,172,"['image.2976.jpg', 'image.4212.jpg', 'image.4214.jpg', 'image.2968.jpg', 'image.2974.jpg', 'image.2970.jpg', 'image.2796.jpg', 'image.2969.jpg', 'image.4213.jpg', 'image.2971.jpg']","[0.22051010011011443, 0.21902449122751863, 0.21245259268427305, 0.21245259268427305, 0.2112482365176946, 0.20762515912035526, 0.20291449195862973, 0.20228982463953576, 0.19629936185984234, 0.18293805187007353]",عود,target word,<>
fa,173,"['image.4222.png', 'image.4217.jpg', 'image.4216.jpg', 'image.4221.jpg', 'image.3213.png', 'image.4218.jpg', 'image.4215.png', 'image.4220.png', 'image.4223.png', 'image.4219.jpg']","[0.2298401013575823, 0.2255680539683984, 0.22346043967714777, 0.22000975504375697, 0.21653702104749312, 0.21598321511724788, 0.21500929117078754, 0.206623010871107, 0.20590661963112764, 0.20114817385512165]",هرم,target word,<>
fa,174,"['image.4228.jpg', 'image.4225.jpg', 'image.4226.jpg', 'image.4233.jpg', 'image.4227.jpg', 'image.4231.jpg', 'image.4224.jpg', 'image.4230.jpg', 'image.4232.jpg', 'image.4229.jpg']","[0.28471170476943475, 0.28147729850115805, 0.27766830580545127, 0.25318707527022927, 0.24028558246371737, 0.23886690424156143, 0.23710549614709983, 0.23623291446730166, 0.23131961293302492, 0.21690506046254565]",در,target word,<>
fa,175,"['image.1199.jpg', 'image.4238.jpg', 'image.4240.jpg', 'image.3873.jpg', 'image.4236.jpg', 'image.1016.jpg', 'image.4239.jpg', 'image.4234.jpg', 'image.4235.jpg', 'image.4237.jpg']","[0.2104888897731491, 0.20858700504559138, 0.2081827187287749, 0.20567855283517097, 0.20518620035978058, 0.19732268728589836, 0.19576906859573656, 0.19240222219853123, 0.19192575201590523, 0.18724634247425934]",زر,target word,<>
fa,176,"['image.4244.jpg', 'image.4242.jpg', 'image.3047.jpg', 'image.3044.jpg', 'image.4245.jpg', 'image.4243.jpg', 'image.4247.jpg', 'image.4241.jpg', 'image.4248.jpg', 'image.4246.jpg']","[0.22421688884279142, 0.22008170362635293, 0.21999390469923216, 0.2185419634008257, 0.21290068272030918, 0.21281888787587053, 0.21099439140073667, 0.2062314142332469, 0.20335462741269728, 0.20199580393950728]",لوت,target word,<>
fa,177,"['image.4256.jpg', 'image.4257.jpg', 'image.4249.png', 'image.4254.jpg', 'image.1359.jpg', 'image.4253.jpg', 'image.4250.jpg', 'image.4255.jpg', 'image.4252.jpg', 'image.4251.jpg']","[0.23469440208964124, 0.23259863535456485, 0.22824378219541372, 0.22736903488089757, 0.21876336979727123, 0.20657593502671642, 0.20521820093263848, 0.20434024194573916, 0.19749825562332243, 0.18199663957222834]",رخ,target word,<>
fa,178,"['image.4258.jpg', 'image.2728.jpg', 'image.4262.jpg', 'image.3687.jpg', 'image.3694.jpg', 'image.4261.jpg', 'image.4263.jpg', 'image.4259.jpg', 'image.4260.jpg', 'image.3692.jpg']","[0.22087850650807772, 0.21644222493522772, 0.21452241799928193, 0.2138850797100106, 0.20931661857120165, 0.20782724810227765, 0.20260158556443944, 0.20048822766173838, 0.19802650091429577, 0.19702957723665257]",روی,target word,<>
fa,179,"['image.4272.jpg', 'image.4270.jpg', 'image.4265.jpg', 'image.4271.jpg', 'image.4264.jpg', 'image.4268.png', 'image.4269.jpg', 'image.4273.jpg', 'image.4267.jpg', 'image.4266.jpg']","[0.2756148942493247, 0.25716098905493606, 0.2517013818615973, 0.24864107869826946, 0.24395707739211386, 0.23198477924184444, 0.23112136362313151, 0.22998581896047343, 0.2229514106756483, 0.21303084807281764]",یخچال,target word,<>
fa,180,"['image.4276.jpg', 'image.4281.jpg', 'image.4278.jpg', 'image.4274.jpg', 'image.4277.jpg', 'image.2325.jpg', 'image.4280.jpg', 'image.2738.jpg', 'image.4275.jpg', 'image.4279.jpg']","[0.22807034106203153, 0.22719431252386763, 0.22631157249026676, 0.22049256254043176, 0.2173103980560002, 0.21548623325704927, 0.21401551441058614, 0.21169902696305534, 0.2037229443570387, 0.18978935633704302]",اصلاح,target word,<>
fa,181,"['image.4283.jpg', 'image.4289.jpg', 'image.4282.jpg', 'image.4284.jpg', 'image.4285.jpg', 'image.4286.jpg', 'image.4291.jpg', 'image.4290.jpg', 'image.4287.jpg', 'image.4288.jpg']","[0.28375977889023396, 0.2741887981590007, 0.2643176099658974, 0.2066773340300288, 0.20003762055360552, 0.19731765895607636, 0.19421846611791682, 0.18679482546412982, 0.18355933320410112, 0.17418261063929447]",پاپ,target word,<>
fa,182,"['image.4296.png', 'image.4298.png', 'image.4293.jpg', 'image.4300.png', 'image.4297.png', 'image.4295.png', 'image.3214.png', 'image.4292.png', 'image.4294.png', 'image.4299.png']","[0.29381893250616664, 0.2893415646990543, 0.28383301306238584, 0.2804696371733049, 0.2717930914867652, 0.2702805040701632, 0.2658925537589671, 0.26137890887041393, 0.25918885792638663, 0.2583052663045257]",مربع,target word,<>
fa,183,"['image.4302.jpg', 'image.4303.jpg', 'image.4305.jpg', 'image.4304.jpg', 'image.4308.jpg', 'image.4306.jpg', 'image.4307.jpg', 'image.4301.jpg', 'image.4309.jpg', 'image.4005.jpg']","[0.23471895419274355, 0.2328042288724799, 0.2261162984408327, 0.22019069964477608, 0.21647138252815182, 0.21548506304100223, 0.2147035807409821, 0.2099670863549707, 0.2086238929082731, 0.2086238929082731]",شاهی,target word,<>
fa,184,"['image.2794.jpg', 'image.4314.jpg', 'image.4312.jpg', 'image.4310.jpg', 'image.4317.jpg', 'image.4318.jpg', 'image.4315.jpg', 'image.4311.jpg', 'image.4316.jpg', 'image.4313.jpg']","[0.23495058594754234, 0.2307365395928894, 0.2295997550984886, 0.2267630938829135, 0.22652901183418678, 0.2229188471796206, 0.2204312575672881, 0.21335841304693542, 0.21274878190068303, 0.20789773319233568]",رینگ,target word,<>
fa,185,"['image.4320.jpg', 'image.4323.jpg', 'image.4328.jpg', 'image.4319.jpg', 'image.4322.jpg', 'image.4326.jpg', 'image.4324.jpg', 'image.4325.jpg', 'image.4327.png', 'image.4321.jpg']","[0.2339149147220082, 0.23326846126935763, 0.23074291319616128, 0.21214995505649648, 0.2000655707265456, 0.19581964830780577, 0.19258480725397265, 0.19084644173072862, 0.18529999010601977, 0.1614544913180793]",دوش,target word,<>
fa,186,"['image.4336.jpg', 'image.4333.jpg', 'image.4330.jpg', 'image.4335.jpg', 'image.4329.jpg', 'image.2390.jpg', 'image.4332.jpg', 'image.4331.jpg', 'image.4337.jpg', 'image.4334.jpg']","[0.25695807562673656, 0.2553953829454802, 0.21210430854031628, 0.20059295329727744, 0.1980340611947016, 0.1966093171880652, 0.1964564033497261, 0.19543258789962598, 0.19378691769153913, 0.17445015455281987]",کشتی,target word,<>
fa,187,"['image.2859.jpg', 'image.2852.jpg', 'image.2853.jpg', 'image.2855.jpg', 'image.2860.jpg', 'image.2857.jpg', 'image.2856.jpg', 'image.2854.png', 'image.2861.jpg', 'image.2858.jpg']","[0.23790984839865104, 0.2351101328578857, 0.22833033035381578, 0.22722180167842512, 0.22461408658226534, 0.2227444397985483, 0.22125603379236278, 0.22078696463749145, 0.2202734064238831, 0.20985758425864542]",کبک,target word,<>
fa,188,"['image.3854.jpg', 'image.4338.jpg', 'image.4339.jpg', 'image.4340.jpg', 'image.3853.jpg', 'image.1342.jpg', 'image.3856.jpg', 'image.3852.jpg', 'image.2793.jpg', 'image.3855.jpg']","[0.30059299329188366, 0.2541900782618747, 0.25022506745287254, 0.2354607236167523, 0.22183533712387613, 0.21121255048916046, 0.20984093499164824, 0.2002097000331073, 0.1949722801117212, 0.18220250212438457]",شیر,target word,<>
fa,189,"['image.4349.jpg', 'image.4343.jpg', 'image.4347.jpg', 'image.4344.jpg', 'image.4345.jpg', 'image.4341.jpg', 'image.4348.jpg', 'image.4346.jpg', 'image.4350.jpg', 'image.4342.jpg']","[0.24098829802028518, 0.21623247001424864, 0.21345341084466957, 0.21188999367897818, 0.2094124916999502, 0.20745753628641178, 0.1989767161519056, 0.19772000488138666, 0.1947583351031488, 0.1934035676429766]",رسم,target word,<>
fa,190,"['image.3140.jpg', 'image.3147.jpg', 'image.3854.jpg', 'image.1342.jpg', 'image.2793.jpg', 'image.3852.jpg', 'image.3853.jpg', 'image.3856.jpg', 'image.3855.jpg', 'image.3851.jpg']","[0.237648670487372, 0.2314352618340908, 0.23025298359800836, 0.22769800515044575, 0.21737218155082427, 0.2149939679674615, 0.21429259941485346, 0.2112935150284541, 0.1934743860509436, 0.1925553495349783]",شير,target word,<>
fa,191,"['image.4359.jpg', 'image.4354.jpg', 'image.4352.jpg', 'image.4357.jpg', 'image.4353.jpg', 'image.4351.jpg', 'image.3080.jpg', 'image.4356.jpg', 'image.4355.jpg', 'image.4358.jpg']","[0.2172832435682842, 0.21721858143811612, 0.21709290969931216, 0.21221433420267352, 0.21065687055027024, 0.21050529274746332, 0.2091481847025958, 0.20784266781616698, 0.20704466063468577, 0.20109756193111317]",كرم,target word,<>
fa,192,"['image.4367.jpg', 'image.2283.jpg', 'image.4364.jpg', 'image.4362.jpg', 'image.4366.jpg', 'image.4368.jpg', 'image.4361.jpg', 'image.4363.jpg', 'image.4365.png', 'image.4360.jpg']","[0.23278706930408966, 0.22843374470592634, 0.22796645589900208, 0.22641152069049725, 0.2258531110559513, 0.21135247540123234, 0.2100159260354276, 0.20754673901700327, 0.19133294868443496, 0.18911060949797792]",لنز,target word,<>
fa,193,"['image.4373.png', 'image.4371.jpg', 'image.4374.jpg', 'image.3567.jpg', 'image.4372.jpg', 'image.1298.jpg', 'image.3680.jpg', 'image.4369.jpg', 'image.3677.jpg', 'image.4370.jpg']","[0.26965255328770066, 0.24563013678409523, 0.24007723359467942, 0.2388722628189222, 0.2332547313000874, 0.22287296844962862, 0.21909806512129545, 0.21548506304100223, 0.2086238929082731, 0.20647130369679226]",شاهی,target word,<>
fa,194,"['image.4379.jpg', 'image.4378.jpg', 'image.4375.jpg', 'image.4384.jpg', 'image.4383.jpg', 'image.4377.jpg', 'image.4376.jpg', 'image.4381.jpg', 'image.4382.jpg', 'image.4380.jpg']","[0.220822442654101, 0.21691376663242928, 0.21644453412830691, 0.21562965303976714, 0.21514766660526777, 0.21487452907204724, 0.20207801470631975, 0.20026165582801134, 0.19981931381286888, 0.19976563852558488]",تیر,target word,<>
fa,195,"['image.3671.jpg', 'image.374.jpg', 'image.3668.jpg', 'image.3672.jpg', 'image.3667.jpg', 'image.3230.jpg', 'image.3673.jpg', 'image.4386.jpg', 'image.4385.jpg', 'image.3669.jpg']","[0.23025298359800836, 0.22769800515044575, 0.2216260588839147, 0.2168979690132615, 0.21647829292213905, 0.21492908656451723, 0.21336757425065533, 0.21035046275242136, 0.20978164428913032, 0.19140234868542508]",شير,target word,<>
fa,196,"['image.1733.jpg', 'image.4393.jpg', 'image.4389.jpg', 'image.4390.jpg', 'image.4392.jpg', 'image.4388.jpg', 'image.948.jpg', 'image.4394.jpg', 'image.4391.jpg', 'image.4387.jpg']","[0.24384426128227432, 0.24041655307975707, 0.23648783470817494, 0.2282812579268857, 0.22800461896935473, 0.22792248982215357, 0.22560833268454364, 0.22348008809599187, 0.21920088282624467, 0.21196681883028487]",کلنگ,target word,<>
fa,197,"['image.3378.jpg', 'image.3372.jpg', 'image.3374.jpg', 'image.3375.jpg', 'image.3371.jpg', 'image.3379.jpg', 'image.3376.jpg', 'image.3377.png', 'image.3380.png', 'image.3373.jpg']","[0.23119573406258137, 0.22309913084713381, 0.222177017428025, 0.21688748311097952, 0.2165940340209453, 0.21276608630248495, 0.21091902868873952, 0.2101036589406571, 0.20858095065830443, 0.2039977220629367]",صور,target word,<>
fa,198,"['image.4401.jpg', 'image.814.jpg', 'image.4402.jpg', 'image.4395.jpg', 'image.4399.jpg', 'image.4396.jpg', 'image.4397.png', 'image.4400.jpg', 'image.4398.jpg', 'image.4403.png']","[0.2308301527214433, 0.22637671189412925, 0.22083269671851627, 0.21725091926029172, 0.2156261757607111, 0.21408929048892145, 0.2078771340402223, 0.20547825709014383, 0.2021377522136769, 0.19630951039406644]",پايتون,target word,<>
fa,199,"['image.2775.jpg', 'image.4405.jpg', 'image.4410.jpg', 'image.4408.jpg', 'image.4407.jpg', 'image.4409.jpg', 'image.4050.jpg', 'image.4411.jpg', 'image.4404.jpg', 'image.4406.jpg']","[0.24565763375637614, 0.23593709908221383, 0.2330310096522733, 0.22826924995989112, 0.22501427184854528, 0.22070648123809672, 0.21914084975628528, 0.21666772953777094, 0.21340385245938925, 0.2037998631157252]",پیوند,target word,<>
